cites,authors,title,year,source,publisher,article_url,cites_url,gs_rank,query_date,type,doi,ecc,cites_per_year,cites_per_author,author_count,age,abstract,full_text_url,related_url,source_file,tool_name,study_id,double_code,topic_cat,tool_use_type,publisher_type,publisher_description
0,"A Dugan, D McKinley, S Amiot, L Onofrio, J Maziasz, ...",Forest Carbon Assessment for the Chequamegon-Nicolet National Forest in the Forest Service's Eastern Region,NA,elpc.org,NA,https://elpc.org/wp-content/uploads/2024/08/5.303_CNNF_CarbonAssessment-Paper.pdf,NA,17,2025-08-29,PDF,NA,0,0,0,6,NA,… A low amount of mature and old-growth stands indicated on the Chequamegon-Nicolet NF by data on the Climate Risk Viewer indicates the acreage of these forest conditions within the …,https://elpc.org/wp-content/uploads/2024/08/5.303_CNNF_CarbonAssessment-Paper.pdf,https://scholar.google.com/scholar?q=related:9f-IcJ3trOEJ:scholar.google.com/&scioq=%22climate+risk+viewer%22%7C%22usda+climate+risk+viewer%22%7C%22forest+service+climate+risk+viewer%22%7C%22usfs+climate+risk+viewer%22%7C%22climate+risk+mapping+tool+usda%22%7C%22usda+risk+viewer+climate%22%7C%22usda+climate+risk+tool%22%7C%22climate+risk+beta+viewer%22&hl=en&as_sdt=2007&as_ylo=2023&as_yhi=2025,crv,Climate Risk Viewer,2028,TRUE,"Natural environment, resources & ecosystems",Applied,NA,NA
27,"I Forest, RE Station",USDA Forest Service,NA,"Ogden, EUA",fs.usda.gov,https://www.fs.usda.gov/sites/default/files/fy24-agency-coordination-report.pdf,https://scholar.google.com/scholar?cites=10727333522832232180&as_sdt=2005&sciodt=2007&hl=en,2,2025-08-29,PDF,NA,27,0,14,2,NA,NA,https://www.fs.usda.gov/sites/default/files/fy24-agency-coordination-report.pdf,https://scholar.google.com/scholar?q=related:9A6OzwAl35QJ:scholar.google.com/&scioq=%22climate+risk+viewer%22%7C%22usda+climate+risk+viewer%22%7C%22forest+service+climate+risk+viewer%22%7C%22usfs+climate+risk+viewer%22%7C%22climate+risk+mapping+tool+usda%22%7C%22usda+risk+viewer+climate%22%7C%22usda+climate+risk+tool%22%7C%22climate+risk+beta+viewer%22&hl=en&as_sdt=2007&as_ylo=2023&as_yhi=2025,crv,Climate Risk Viewer,2039,TRUE,"Natural environment, resources & ecosystems",Mentioned/Context,Government repositories,USDA Forest Service official site for publications and research.
0,"PW Clark, AW D'Amato¹, LA Fitts, ...",Forest assisted migration and adaptation plantings in the,2025,Forest Assisted …,books.google.com,https://books.google.com/books?hl=en&lr=&id=qNRFEQAAQBAJ&oi=fnd&pg=PA114&dq=%22climate+risk+viewer%22%7C%22usda+climate+risk+viewer%22%7C%22forest+service+climate+risk+viewer%22%7C%22usfs+climate+risk+viewer%22%7C%22climate+risk+mapping+tool+usda%22%7C%22usda+risk+viewer+climate%22%7C%22usda+climate+risk+tool%22%7C%22climate+risk+beta+viewer%22&ots=xkEYiRezhF&sig=FdfrMHv7SG3hK9sXV4bCx5t9m4k,NA,21,2025-08-29,NA,NA,0,0,0,4,1,"Global climate change is expected to affect forested ecosystems worldwide, with impacts to community structure, composition, and ecosystem function (Dale et al., 2001). Consequently, …",NA,https://scholar.google.com/scholar?q=related:o6QBeMB1WOEJ:scholar.google.com/&scioq=%22climate+risk+viewer%22%7C%22usda+climate+risk+viewer%22%7C%22forest+service+climate+risk+viewer%22%7C%22usfs+climate+risk+viewer%22%7C%22climate+risk+mapping+tool+usda%22%7C%22usda+risk+viewer+climate%22%7C%22usda+climate+risk+tool%22%7C%22climate+risk+beta+viewer%22&hl=en&as_sdt=2007&as_ylo=2023&as_yhi=2025,crv,Climate Risk Viewer,2044,TRUE,"Natural environment, resources & ecosystems",Applied,Grey literature platforms,Google Books aggregator/scans; identify original publisher if possible.
43,"JA Casey, MA Kioumourtzoglou, A Padula…",Measuring long-term exposure to wildfire PM2.5 in California: Time-varying inequities in environmental burden,2024,Proceedings of the …,pnas.org,https://www.pnas.org/doi/abs/10.1073/pnas.2306729121,https://scholar.google.com/scholar?cites=17168599373999128838&as_sdt=2005&sciodt=2007&hl=en,654,2025-08-29,NA,10.1073/pnas.2306729121,43,43,11,4,1,Wildfires have become more frequent and intense due to climate change and outdoor wildfire fine particulate matter (PM 2.5 ) concentrations differ from relatively smoothly varying total …,https://www.pnas.org/doi/full/10.1073/pnas.2306729121,https://scholar.google.com/scholar?q=related:BkE24ioeQ-4J:scholar.google.com/&scioq=%22climate+and+economic+justice+screening+tool%22%7C%22cejst%22%7C%22justice40+screening+tool%22%7C%22climate+economic+justice+tool%22%7C%22justice40+cejst%22%7C%22ceq+cejst%22%7C%22environmental+justice+screening+cejst%22&hl=en&as_sdt=2007&as_ylo=2022&as_yhi=2025,cejst,Climate and Economic Justice Screening Tool (CEJST),1896,TRUE,Air quality & pollution,Mentioned/Context,Scholarly society / association publishers,PNAS (Proceedings of the National Academy of Sciences) is published by the U.S. National Academy of Sciences (a learned society).
41,"L Cain, D Hernandez-Cortes…",Recent findings and methodologies in economics research in environmental justice,2024,Review of …,journals.uchicago.edu,https://www.journals.uchicago.edu/doi/abs/10.1086/728100,https://scholar.google.com/scholar?cites=9379717219591971090&as_sdt=2005&sciodt=2007&hl=en,539,2025-08-29,NA,10.1086/728100,41,41,14,3,1,This review synthesizes economics-oriented research in environmental justice with a focus on the last decade. We first categorize this literature into broad areas of inquiry and review …,https://www.econstor.eu/bitstream/10419/271927/1/cesifo1_wp10283.pdf,https://scholar.google.com/scholar?q=related:EuFkhx1zK4IJ:scholar.google.com/&scioq=%22climate+and+economic+justice+screening+tool%22%7C%22cejst%22%7C%22justice40+screening+tool%22%7C%22climate+economic+justice+tool%22%7C%22justice40+cejst%22%7C%22ceq+cejst%22%7C%22environmental+justice+screening+cejst%22&hl=en&as_sdt=2007&as_ylo=2022&as_yhi=2025,cejst,Climate and Economic Justice Screening Tool (CEJST),1781,TRUE,Equity and justice,Mentioned/Context,University presses,University of Chicago Press is the academic press of the University of Chicago.
73,"E Baker, S Carley, S Castellanos, D Nock, ...",Metrics for decision-making in energy justice,2023,Annual Review of …,annualreviews.org,https://www.annualreviews.org/content/journals/10.1146/annurev-environ-112621-063400,https://scholar.google.com/scholar?cites=7130851940603066122&as_sdt=2005&sciodt=2007&hl=en,187,2025-09-15,HTML,10.1146/annurev-environ-112621-063400,73,36.5,15,5,2,"… mapping index, the Climate and Economic Justice Screening Tool (CEJST) (60), to support the implementation of the Biden Administration's Justice40 Initiative. The CEJST, still in beta …",https://www.annualreviews.org/content/journals/10.1146/annurev-environ-112621-063400,https://scholar.google.com/scholar?q=related:CveMIQ_g9WIJ:scholar.google.com/&scioq=%22climate+and+economic+justice+screening+tool%22%7C%22cejst%22%7C%22justice40+screening+tool%22%7C%22climate+economic+justice+tool%22%7C%22justice40+cejst%22%7C%22ceq+cejst%22%7C%22environmental+justice+screening+cejst%22&hl=en&as_sdt=2007&as_ylo=2022&as_yhi=2025,cejst,Climate and Economic Justice Screening Tool (CEJST),NA,NA,Energy & decarbonization,Mentioned/Context,Commercial academic publishers,Annual Reviews is a nonprofit publisher of peer-reviewed review journals (some content open access).
36,"GJ Carlton, S Sultana",Electric vehicle charging equity and accessibility: A comprehensive United States policy analysis,2024,Transportation Research Part D: Transport and …,Elsevier,https://www.sciencedirect.com/science/article/pii/S1361920924000804,https://scholar.google.com/scholar?cites=880195045012995719&as_sdt=2005&sciodt=2007&hl=en,120,2025-09-15,NA,NA,36,36,18,2,1,The ongoing placement of EV charging in the US is the result of a complicated interplay between market actors and the public sector. The federal government has recently established a …,NA,https://scholar.google.com/scholar?q=related:h_4O37oUNwwJ:scholar.google.com/&scioq=%22climate+and+economic+justice+screening+tool%22%7C%22cejst%22%7C%22justice40+screening+tool%22%7C%22climate+economic+justice+tool%22%7C%22justice40+cejst%22%7C%22ceq+cejst%22%7C%22environmental+justice+screening+cejst%22&hl=en&as_sdt=2007&as_ylo=2022&as_yhi=2025,cejst,Climate and Economic Justice Screening Tool (CEJST),NA,NA,"Transit, mobility & transportation",Mentioned/Context,Commercial academic publishers,For-profit multinational academic publisher.
68,"PGT Lewis, WA Chiu, E Nasser, J Proville, ...",Characterizing vulnerabilities to climate change across the United States,2023,Environment …,Elsevier,https://www.sciencedirect.com/science/article/pii/S0160412023000454,https://scholar.google.com/scholar?cites=9081202494777090036&as_sdt=2005&sciodt=2007&hl=en,76,2025-09-15,HTML,NA,68,34,14,5,2,"Climate change will cause a range of related risks, including increases in infectious and chronic disease, intensified social and economic stresses, and more frequent extreme weather …",https://www.sciencedirect.com/science/article/pii/S0160412023000454,https://scholar.google.com/scholar?q=related:9F-UAo7pBn4J:scholar.google.com/&scioq=%22climate+and+economic+justice+screening+tool%22%7C%22cejst%22%7C%22justice40+screening+tool%22%7C%22climate+economic+justice+tool%22%7C%22justice40+cejst%22%7C%22ceq+cejst%22%7C%22environmental+justice+screening+cejst%22&hl=en&as_sdt=2007&as_ylo=2022&as_yhi=2025,cejst,Climate and Economic Justice Screening Tool (CEJST),NA,NA,Climate hazards & risks,Applied,Commercial academic publishers,For-profit multinational academic publisher.
31,"T Xue, R Wang, M Wang, Y Wang, D Tong, ...",Health benefits from the rapid reduction in ambient exposure to air pollutants after China's clean air actions: progress in efficacy and geographic equality,2024,National Science …,academic.oup.com,https://academic.oup.com/nsr/article-abstract/11/2/nwad263/7303310,https://scholar.google.com/scholar?cites=10123527139064500028&as_sdt=2005&sciodt=2007&hl=en,256,2025-09-15,NA,NA,31,31,5,6,1,… The Justice40 Initiative developed the Climate and Economic Justice Screening Tool (CEJST… Although studies have found CEJST could not effectively reduce inequalities embedded in …,https://academic.oup.com/nsr/article/11/2/nwad263/7303310,https://scholar.google.com/scholar?q=related:PE_31Uv-fYwJ:scholar.google.com/&scioq=%22climate+and+economic+justice+screening+tool%22%7C%22cejst%22%7C%22justice40+screening+tool%22%7C%22climate+economic+justice+tool%22%7C%22justice40+cejst%22%7C%22ceq+cejst%22%7C%22environmental+justice+screening+cejst%22&hl=en&as_sdt=2007&as_ylo=2022&as_yhi=2025,cejst,Climate and Economic Justice Screening Tool (CEJST),NA,NA,Health & well-being,Mentioned/Context,University presses,Oxford University Press is the publishing house of the University of Oxford (the world’s largest university press).
62,"Y Wang, JS Apte, JD Hill, CE Ivey, D Johnson, E Min, ...",Air quality policy should quantify effects on disparities,2023,Science,science.org,https://www.science.org/doi/abs/10.1126/science.adg9931,https://scholar.google.com/scholar?cites=13181465971392899802&as_sdt=2005&sciodt=2007&hl=en,27,2025-09-15,NA,10.1126/science.adg9931,62,31,9,7,2,… We investigated how using CEJST to target … CEJST may not ameliorate (and in some cases may increase) exposure disparities by race-ethnicity. This outcome likely reflects that CEJST …,https://www.yuzhouwang.net/files/Wang%20et%20al%20Science%202023.pdf,https://scholar.google.com/scholar?q=related:2urFa3b57bYJ:scholar.google.com/&scioq=%22climate+and+economic+justice+screening+tool%22%7C%22cejst%22%7C%22justice40+screening+tool%22%7C%22climate+economic+justice+tool%22%7C%22justice40+cejst%22%7C%22ceq+cejst%22%7C%22environmental+justice+screening+cejst%22&hl=en&as_sdt=2007&as_ylo=2022&as_yhi=2025,cejst,Climate and Economic Justice Screening Tool (CEJST),NA,NA,Air quality & pollution,Evaluated,Grey literature platforms,AAAS society publishes Science family of journals.
27,"A Ermagun, J Tian","Charging into inequality: A national study of social, economic, and environment correlates of electric vehicle charging stations",2024,Energy Research &Social Science,Elsevier,https://www.sciencedirect.com/science/article/pii/S2214629624002135,https://scholar.google.com/scholar?cites=18246447889398149248&as_sdt=2005&sciodt=2007&hl=en,127,2025-09-15,NA,NA,27,27,14,2,1,This study assesses the spatial disparity of public electric vehicle (EV) charging infrastructure in the United States. The analysis identifies areas characterized by deficient EV charging …,NA,https://scholar.google.com/scholar?q=related:gLBAfK5nOP0J:scholar.google.com/&scioq=%22climate+and+economic+justice+screening+tool%22%7C%22cejst%22%7C%22justice40+screening+tool%22%7C%22climate+economic+justice+tool%22%7C%22justice40+cejst%22%7C%22ceq+cejst%22%7C%22environmental+justice+screening+cejst%22&hl=en&as_sdt=2007&as_ylo=2022&as_yhi=2025,cejst,Climate and Economic Justice Screening Tool (CEJST),NA,NA,"Transit, mobility & transportation",Mentioned/Context,Commercial academic publishers,For-profit multinational academic publisher.
45,"S Kime, V Jacome, D Pellow, ...",Evaluating equity and justice in low-carbon energy transitions,2023,Environmental Research …,iopscience.iop.org,https://iopscience.iop.org/article/10.1088/1748-9326/ad08f8/meta,https://scholar.google.com/scholar?cites=1147487503700979368&as_sdt=2005&sciodt=2007&hl=en,73,2025-09-15,HTML,10.1088/1748-9326/ad08f8,45,22.5,11,4,2,"A low-carbon energy transition is essential for mitigating climate change, but can also cause energy justice and equity impacts on Black, Indigenous, and People of Color (BIPOC), low-…",https://iopscience.iop.org/article/10.1088/1748-9326/ad08f8/meta,https://scholar.google.com/scholar?q=related:qO5LEs6x7A8J:scholar.google.com/&scioq=%22climate+and+economic+justice+screening+tool%22%7C%22cejst%22%7C%22justice40+screening+tool%22%7C%22climate+economic+justice+tool%22%7C%22justice40+cejst%22%7C%22ceq+cejst%22%7C%22environmental+justice+screening+cejst%22&hl=en&as_sdt=2007&as_ylo=2022&as_yhi=2025,cejst,Climate and Economic Justice Screening Tool (CEJST),NA,NA,Energy & decarbonization,Mentioned/Context,Scholarly society / association publishers,IOPscience is operated by the Institute of Physics (a learned society) as its publishing arm.
64,"M Manware, R Dubrow, D Carrión, Y Ma, K Chen",Residential and race/ethnicity disparities in heat vulnerability in the United States,2022,GeoHealth,Wiley Online Library,https://agupubs.onlinelibrary.wiley.com/doi/abs/10.1029/2022GH000695,https://scholar.google.com/scholar?cites=17613840823576508202&as_sdt=2005&sciodt=2007&hl=en,54,2025-09-15,NA,10.1029/2022GH000695,64,21.33,13,5,3,… We compared mean HVI scores for CEJST “disadvantaged” and “non-disadvantaged” … among HOLC-grade specific census tract strata by CEJST disadvantaged community status. …,https://agupubs.onlinelibrary.wiley.com/doi/pdfdirect/10.1029/2022GH000695,https://scholar.google.com/scholar?q=related:KjeNK-jucPQJ:scholar.google.com/&scioq=%22climate+and+economic+justice+screening+tool%22%7C%22cejst%22%7C%22justice40+screening+tool%22%7C%22climate+economic+justice+tool%22%7C%22justice40+cejst%22%7C%22ceq+cejst%22%7C%22environmental+justice+screening+cejst%22&hl=en&as_sdt=2007&as_ylo=2022&as_yhi=2025,cejst,Climate and Economic Justice Screening Tool (CEJST),NA,NA,Climate hazards & risks,Applied,Commercial academic publishers,Wiley is a for-profit global academic publisher.
54,"A Shkembi, LM Smith, RL Neitzel","Linking environmental injustices in Detroit, MI to institutional racial segregation through historical federal redlining",2024,Journal of exposure science & …,nature.com,https://www.nature.com/articles/s41370-022-00512-y,https://scholar.google.com/scholar?cites=9193022137532077454&as_sdt=2005&sciodt=2007&hl=en,96,2025-09-15,HTML,NA,54,54,18,3,1,"… in EJScreen tool within any boundary. In this case, our estimates inside the EJScreen tool … Albeit not included in the EPA EJScreen, noise pollution is included in this study due to the …",https://www.nature.com/articles/s41370-022-00512-y,https://scholar.google.com/scholar?q=related:jtXmZ-0slH8J:scholar.google.com/&scioq=%22ejscreen%22%7C%22epa+ejscreen%22%7C%22environmental+justice+screening+and+mapping+tool%22%7C%22epa+ej+screen%22%7C%22ej+screen%22%7C%22epa+environmental+justice+mapping+tool%22%7C%22environmental+justice+screening+tool+epa%22%7C%22ejscreen+v2.0%22%7C%22ejscreen+2020%22%7C%22ejscreen+2022%22&hl=en&as_sdt=2007&as_ylo=2023&as_yhi=2024,ejscreen_3,EJScreen,NA,NA,"Governance, policy & institutional frameworks",Mentioned/Context,Commercial academic publishers,Nature Portfolio (Springer Nature); commercial scholarly publisher.
116,"SR Nicholson, JE Rorrer, A Singh, ...",The critical role of process analysis in chemical recycling and upcycling of waste plastics,2022,Annual review of …,annualreviews.org,https://www.annualreviews.org/content/journals/10.1146/annurev-chembioeng-100521-085846,https://scholar.google.com/scholar?cites=16561911266140556031&as_sdt=2005&sciodt=2007&hl=en,98,2025-09-15,NA,10.1146/annurev-chembioeng-100521-085846,116,38.67,29,4,3,"There is an urgent need for new technologies to enable circularity for synthetic polymers, spurred by the accumulation of waste plastics in landfills and the environment and the …",https://www.osti.gov/pages/servlets/purl/1861788,https://scholar.google.com/scholar?q=related:_wrZO4y61-UJ:scholar.google.com/&scioq=%22ejscreen%22%7C%22epa+ejscreen%22%7C%22environmental+justice+screening+and+mapping+tool%22%7C%22epa+ej+screen%22%7C%22ej+screen%22%7C%22epa+environmental+justice+mapping+tool%22%7C%22environmental+justice+screening+tool+epa%22%7C%22ejscreen+v2.0%22%7C%22ejscreen+2020%22%7C%22ejscreen+2022%22&hl=en&as_sdt=2007&as_ylo=2021&as_yhi=2022,ejscreen_2,EJScreen,NA,NA,"Governance, policy & institutional frameworks",Mentioned/Context,Commercial academic publishers,Annual Reviews is a nonprofit publisher of peer-reviewed review journals (some content open access).
34,"M Yu, S Zhang, H Ning, Z Li, K Zhang","Assessing the 2023 Canadian wildfire smoke impact in Northeastern US: Air quality, exposure and environmental justice",2024,Science of the Total Environment,Elsevier,https://www.sciencedirect.com/science/article/pii/S004896972401996X,https://scholar.google.com/scholar?cites=12562011232868067408&as_sdt=2005&sciodt=2007&hl=en,15,2025-09-15,NA,NA,34,34,7,5,1,… Agency (EPA) Environmental Justice Screening and Mapping Tool (EJScreen). Results … correlations in rural areas with EJScreen factors highlight the unique vulnerabilities of these …,https://papers.ssrn.com/sol3/Delivery.cfm?abstractid=4717779,https://scholar.google.com/scholar?q=related:UGiR76g6Va4J:scholar.google.com/&scioq=%22ejscreen%22%7C%22epa+ejscreen%22%7C%22environmental+justice+screening+and+mapping+tool%22%7C%22epa+ej+screen%22%7C%22ej+screen%22%7C%22epa+environmental+justice+mapping+tool%22%7C%22environmental+justice+screening+tool+epa%22%7C%22ejscreen+v2.0%22%7C%22ejscreen+2020%22%7C%22ejscreen+2022%22&hl=en&as_sdt=2007&as_ylo=2023&as_yhi=2024,ejscreen_3,EJScreen,NA,NA,Air quality & pollution,Applied,Commercial academic publishers,For-profit multinational academic publisher.
68,"PGT Lewis, WA Chiu, E Nasser, J Proville, ...",Characterizing vulnerabilities to climate change across the United States,2023,Environment …,Elsevier,https://www.sciencedirect.com/science/article/pii/S0160412023000454,https://scholar.google.com/scholar?cites=9081202494777090036&as_sdt=2005&sciodt=2007&hl=en,445,2025-09-15,HTML,NA,68,34,14,5,2,"Climate change will cause a range of related risks, including increases in infectious and chronic disease, intensified social and economic stresses, and more frequent extreme weather …",https://www.sciencedirect.com/science/article/pii/S0160412023000454,https://scholar.google.com/scholar?q=related:9F-UAo7pBn4J:scholar.google.com/&scioq=%22ejscreen%22%7C%22epa+ejscreen%22%7C%22environmental+justice+screening+and+mapping+tool%22%7C%22epa+ej+screen%22%7C%22ej+screen%22%7C%22epa+environmental+justice+mapping+tool%22%7C%22environmental+justice+screening+tool+epa%22%7C%22ejscreen+v2.0%22%7C%22ejscreen+2020%22%7C%22ejscreen+2022%22&hl=en&as_sdt=2007&as_ylo=2023&as_yhi=2024,ejscreen_3,EJScreen,NA,NA,Climate hazards & risks,Applied,Commercial academic publishers,For-profit multinational academic publisher.
72,"I Motairek, EK Lee, S Janus, M Farkouh, ...",Historical neighborhood redlining and contemporary cardiometabolic risk,2022,Journal of the American …,jacc.org,https://www.jacc.org/doi/abs/10.1016/j.jacc.2022.05.010,https://scholar.google.com/scholar?cites=9607344488229134700&as_sdt=2005&sciodt=2007&hl=en,111,2025-09-15,NA,10.1016/j.jacc.2022.05.010,72,24,14,5,3,Methods This is a cross-sectional study of the mean prevalence of the 2019 cardiometabolic outcomes and risk factors at the census tract level according to HOLC grading. …,https://www.jacc.org/doi/full/10.1016/j.jacc.2022.05.010,https://scholar.google.com/scholar?q=related:bGG0_-gkVIUJ:scholar.google.com/&scioq=%22ejscreen%22%7C%22epa+ejscreen%22%7C%22environmental+justice+screening+and+mapping+tool%22%7C%22epa+ej+screen%22%7C%22ej+screen%22%7C%22epa+environmental+justice+mapping+tool%22%7C%22environmental+justice+screening+tool+epa%22%7C%22ejscreen+v2.0%22%7C%22ejscreen+2020%22%7C%22ejscreen+2022%22&hl=en&as_sdt=2007&as_ylo=2021&as_yhi=2022,ejscreen_2,EJScreen,NA,NA,Health & well-being,Mentioned/Context,Commercial academic publishers,JACC (Journal of the American College of Cardiology) is the flagship journal of the American College of Cardiology; it is published by Elsevier 
47,"S Heo, ML Bell",Investigation on urban greenspace in relation to sociodemographic factors and health inequity based on different greenspace metrics in 3 US urban …,2023,Journal of Exposure Science &Environmental …,nature.com,https://www.nature.com/articles/s41370-022-00468-z,https://scholar.google.com/scholar?cites=8322462830287557944&as_sdt=2005&sciodt=2007&hl=en,101,2025-09-15,HTML,NA,47,23.5,24,2,2,"… , as we used the percent people of color obtained from the EJSCREEN of the EPA. This EJSCREEN index aggregated the percentage of persons whose racial status was other than …",https://www.nature.com/articles/s41370-022-00468-z,https://scholar.google.com/scholar?q=related:OJWuj9lTf3MJ:scholar.google.com/&scioq=%22ejscreen%22%7C%22epa+ejscreen%22%7C%22environmental+justice+screening+and+mapping+tool%22%7C%22epa+ej+screen%22%7C%22ej+screen%22%7C%22epa+environmental+justice+mapping+tool%22%7C%22environmental+justice+screening+tool+epa%22%7C%22ejscreen+v2.0%22%7C%22ejscreen+2020%22%7C%22ejscreen+2022%22&hl=en&as_sdt=2007&as_ylo=2023&as_yhi=2024,ejscreen_3,EJScreen,NA,NA,Health & well-being,Applied,Commercial academic publishers,Nature Portfolio (Springer Nature); commercial scholarly publisher.
69,"A Nejat, L Solitare, E Pettitt, ...",Equitable community resilience: the case of winter storm Uri in Texas,2022,International Journal of …,Elsevier,https://www.sciencedirect.com/science/article/pii/S2212420922002898,https://scholar.google.com/scholar?cites=2075301145906182163&as_sdt=2005&sciodt=2007&hl=en,54,2025-09-15,NA,NA,69,23,17,4,3,Community resilience in the face of natural hazards involves both a community's sensitivity to disaster and its potential to bounce back. A failure to integrate equity into resilience …,https://www.sciencedirect.com/science/article/am/pii/S2212420922002898,https://scholar.google.com/scholar?q=related:E_iyk2XzzBwJ:scholar.google.com/&scioq=%22ejscreen%22%7C%22epa+ejscreen%22%7C%22environmental+justice+screening+and+mapping+tool%22%7C%22epa+ej+screen%22%7C%22ej+screen%22%7C%22epa+environmental+justice+mapping+tool%22%7C%22environmental+justice+screening+tool+epa%22%7C%22ejscreen+v2.0%22%7C%22ejscreen+2020%22%7C%22ejscreen+2022%22&hl=en&as_sdt=2007&as_ylo=2021&as_yhi=2022,ejscreen_2,EJScreen,NA,NA,Climate hazards & risks,Mentioned/Context,Commercial academic publishers,For-profit multinational academic publisher.
45,"D Ellis-Soto, M Chapman, DH Locke",Historical redlining is associated with increasing geographical disparities in bird biodiversity sampling in the United States,2023,Nature Human Behaviour,nature.com,https://www.nature.com/articles/s41562-023-01688-5,https://scholar.google.com/scholar?cites=41139234570239928&as_sdt=2005&sciodt=2007&hl=en,465,2025-09-15,NA,NA,45,22.5,15,3,2,"… To investigate temporal trends in bird data collection and the type of records collected, we calculated the yearly number of bird records first from 1933–2022. Then, we filtered our …",https://www.researchgate.net/profile/Diego-Ellis-Soto/publication/373737549_nature_human_behaviour_Historical_redlining_is_associated_with_increasing_geographical_disparities_in_bird_biodiversity_sampling_in_the_United_States/links/64ffa48a849bbb203b913ea1/nature-human-behaviour-Historical-redlining-is-associated-with-increasing-geographical-disparities-in-bird-biodiversity-sampling-in-the-United-States.pdf,https://scholar.google.com/scholar?q=related:uP_jduonkgAJ:scholar.google.com/&scioq=%22ejscreen%22%7C%22epa+ejscreen%22%7C%22environmental+justice+screening+and+mapping+tool%22%7C%22epa+ej+screen%22%7C%22ej+screen%22%7C%22epa+environmental+justice+mapping+tool%22%7C%22environmental+justice+screening+tool+epa%22%7C%22ejscreen+v2.0%22%7C%22ejscreen+2020%22%7C%22ejscreen+2022%22&hl=en&as_sdt=2007&as_ylo=2023&as_yhi=2024,ejscreen_3,EJScreen,NA,NA,Energy & decarbonization,Mentioned/Context,Commercial academic publishers,Nature Portfolio (Springer Nature); commercial scholarly publisher.
66,"LP Clark, MH Harris, JS Apte, ...",National and intraurban air pollution exposure disparity estimates in the United States: impact of data-aggregation spatial scale,2022,Environmental science & …,ACS Publications,https://pubs.acs.org/doi/abs/10.1021/acs.estlett.2c00403,https://scholar.google.com/scholar?cites=5437750204326824105&as_sdt=2005&sciodt=2007&hl=en,61,2025-09-15,NA,10.1021/acs.estlett.2c00403,66,22,17,4,3,Air pollution exposure disparities by race/ethnicity and socioeconomic status have been analyzed using data aggregated at various spatial scales. Our research question is this: To what …,https://pubs.acs.org/doi/full/10.1021/acs.estlett.2c00403,https://scholar.google.com/scholar?q=related:qUg1GgDFdksJ:scholar.google.com/&scioq=%22ejscreen%22%7C%22epa+ejscreen%22%7C%22environmental+justice+screening+and+mapping+tool%22%7C%22epa+ej+screen%22%7C%22ej+screen%22%7C%22epa+environmental+justice+mapping+tool%22%7C%22environmental+justice+screening+tool+epa%22%7C%22ejscreen+v2.0%22%7C%22ejscreen+2020%22%7C%22ejscreen+2022%22&hl=en&as_sdt=2007&as_ylo=2021&as_yhi=2022,ejscreen_2,EJScreen,NA,NA,Climate hazards & risks,Mentioned/Context,Scholarly society / association publishers,ASCE Library – journals of American Society of Civil Engineers.
65,N Brazil,Environmental inequality in the neighborhood networks of urban mobility in US cities,2022,Proceedings of the National Academy of Sciences,pnas.org,https://www.pnas.org/doi/abs/10.1073/pnas.2117776119,https://scholar.google.com/scholar?cites=12915373848302613278&as_sdt=2005&sciodt=2007&hl=en,93,2025-08-29,NA,10.1073/pnas.2117776119,65,21.67,65,1,3,… Air pollution data come from the Environmental Protection Agency’s (EPA’s) Environmental Justice Screening and Mapping Tool EJSCREEN. Following prior work employing an …,https://www.pnas.org/doi/full/10.1073/pnas.2117776119,https://scholar.google.com/scholar?q=related:HnNyIRagPLMJ:scholar.google.com/&scioq=%22ejscreen%22%7C%22epa+ejscreen%22%7C%22environmental+justice+screening+and+mapping+tool%22%7C%22epa+ej+screen%22%7C%22ej+screen%22%7C%22epa+environmental+justice+mapping+tool%22%7C%22environmental+justice+screening+tool+epa%22%7C%22ejscreen+v2.0%22%7C%22ejscreen+2020%22%7C%22ejscreen+2022%22&hl=en&as_sdt=2007&as_ylo=2021&as_yhi=2022,ejscreen_2,EJScreen,285,TRUE,"Transit, mobility & transportation",Applied,Scholarly society / association publishers,PNAS (Proceedings of the National Academy of Sciences) is published by the U.S. National Academy of Sciences (a learned society).
22,"CA Pate, HS Zahran",The status of asthma in the United States,2024,Preventing Chronic Disease,pmc.ncbi.nlm.nih.gov,https://pmc.ncbi.nlm.nih.gov/articles/PMC11262137/,https://scholar.google.com/scholar?cites=6218190486465970346&as_sdt=2005&sciodt=2007&hl=en,95,2025-09-15,HTML,NA,22,22,11,2,1,Introduction Asthma imposes a substantial health and economic burden on patients and their families and on the health care system. An assessment of the status of asthma in the US …,https://pmc.ncbi.nlm.nih.gov/articles/PMC11262137/,https://scholar.google.com/scholar?q=related:qoCEU01zS1YJ:scholar.google.com/&scioq=%22environmental+justice+index%22%7C%22cdc+environmental+justice+index%22%7C%22atsdr+environmental+justice+index%22%7C%22cdc+eji%22%7C%22environmental+justice+composite+index+cdc%22%7C%22eji+2022%22%7C%22eji+2024+update%22%7C%22environmental+justice+health+index%22&hl=en&as_sdt=2007&as_ylo=2022&as_yhi=2025,eji,Environmental Justice Index (EJI),NA,NA,Health & well-being,Mentioned/Context,Government repositories,Government-hosted domain; repository or agency publisher.
21,"C Scott-Buechler, B Cain, K Osman, ...",Communities conditionally support deployment of direct air capture for carbon dioxide removal in the United States,2024,… Earth &Environment,nature.com,https://www.nature.com/articles/s43247-024-01334-6,https://scholar.google.com/scholar?cites=13672146983376215905&as_sdt=2005&sciodt=2007&hl=en,58,2025-09-15,HTML,NA,21,21,5,4,1,"… To test whether environmental injustice burden (CDC EJI) or … , suggesting that environmental justice and transitioning … percentile of the CDC’s environmental [in]justice index (EJI). …",https://www.nature.com/articles/s43247-024-01334-6,https://scholar.google.com/scholar?q=related:YV8RRT45vb0J:scholar.google.com/&scioq=%22environmental+justice+index%22%7C%22cdc+environmental+justice+index%22%7C%22atsdr+environmental+justice+index%22%7C%22cdc+eji%22%7C%22environmental+justice+composite+index+cdc%22%7C%22eji+2022%22%7C%22eji+2024+update%22%7C%22environmental+justice+health+index%22&hl=en&as_sdt=2007&as_ylo=2022&as_yhi=2025,eji,Environmental Justice Index (EJI),NA,NA,Energy & decarbonization,Applied,Commercial academic publishers,Nature Portfolio (Springer Nature); commercial scholarly publisher.
15,"S Khadke, A Kumar, S Al‐Kindi, ...",Association of environmental injustice and cardiovascular diseases and risk factors in the United States,2024,Journal of the …,ahajournals.org,https://www.ahajournals.org/doi/abs/10.1161/JAHA.123.033428,https://scholar.google.com/scholar?cites=845499601898734291&as_sdt=2005&sciodt=2007&hl=en,9,2025-09-15,NA,10.1161/JAHA.123.033428,15,15,4,4,1,"… The quartile 4 Environmental Justice Index was associated with a … index of environmental injustice, the CDC's EJI, to capture cumulative exposure across multiple domains. The EJI …",https://www.ahajournals.org/doi/pdf/10.1161/JAHA.123.033428,https://scholar.google.com/scholar?q=related:04LohGjRuwsJ:scholar.google.com/&scioq=%22environmental+justice+index%22%7C%22cdc+environmental+justice+index%22%7C%22atsdr+environmental+justice+index%22%7C%22cdc+eji%22%7C%22environmental+justice+composite+index+cdc%22%7C%22eji+2022%22%7C%22eji+2024+update%22%7C%22environmental+justice+health+index%22&hl=en&as_sdt=2007&as_ylo=2022&as_yhi=2025,eji,Environmental Justice Index (EJI),NA,NA,Health & well-being,Applied,Scholarly society / association publishers,American Heart Association (nonprofit) publishes AHA journals (e.g. Circulation) – a professional medical society.
9,"N Popovich, AJ Figueroa, DA Sunter, M Shah",Identifying disadvantaged communities in the United States: An energy-oriented mapping tool that aggregates environmental and socioeconomic burdens,2024,Energy Research &Social …,Elsevier,https://www.sciencedirect.com/science/article/pii/S2214629623004516,https://scholar.google.com/scholar?cites=15019131389588296473&as_sdt=2005&sciodt=2007&hl=en,19,2025-09-15,HTML,NA,9,9,2,4,1,"… index to identify communities disproportionately impacted by environmental, energy, and climate … We review existing vulnerability indicators and indices to assess the tradeoffs of …",https://www.sciencedirect.com/science/article/pii/S2214629623004516,https://scholar.google.com/scholar?q=related:GVNUj2ysbtAJ:scholar.google.com/&scioq=%22environmental+justice+index%22%7C%22cdc+environmental+justice+index%22%7C%22atsdr+environmental+justice+index%22%7C%22cdc+eji%22%7C%22environmental+justice+composite+index+cdc%22%7C%22eji+2022%22%7C%22eji+2024+update%22%7C%22environmental+justice+health+index%22&hl=en&as_sdt=2007&as_ylo=2022&as_yhi=2025,eji,Environmental Justice Index (EJI),NA,NA,Energy & decarbonization,Evaluated,Commercial academic publishers,For-profit multinational academic publisher.
16,"CA Pate, X Qin, C Johnson, HS Zahran",Asthma disparities among US children and adults,2023,Journal of Asthma,Taylor &Francis,https://www.tandfonline.com/doi/abs/10.1080/02770903.2023.2228915,https://scholar.google.com/scholar?cites=15292848815749387795&as_sdt=2005&sciodt=2007&hl=en,108,2025-09-15,NA,10.1080/02770903.2023.2228915,16,8,4,4,2,… Promoting adequate housing can help further environmental justice and reduce burden of … asthma hospitalization and emergency department visits by 2024 (Citation37). Identifying and …,https://pmc.ncbi.nlm.nih.gov/articles/PMC10760409/,https://scholar.google.com/scholar?q=related:E9Z-EvkcO9QJ:scholar.google.com/&scioq=%22environmental+justice+index%22%7C%22cdc+environmental+justice+index%22%7C%22atsdr+environmental+justice+index%22%7C%22cdc+eji%22%7C%22environmental+justice+composite+index+cdc%22%7C%22eji+2022%22%7C%22eji+2024+update%22%7C%22environmental+justice+health+index%22&hl=en&as_sdt=2007&as_ylo=2022&as_yhi=2025,eji,Environmental Justice Index (EJI),NA,NA,Health & well-being,Mentioned/Context,Commercial academic publishers,For-profit academic publisher of journals and books.
7,"S Doshi, S Vuppula, P Jaggi",Healthcare sustainability to address climate change: call for action to the infectious diseases community,2024,Journal of the Pediatric Infectious …,academic.oup.com,https://academic.oup.com/jpids/article-abstract/13/6/306/7675997,https://scholar.google.com/scholar?cites=1178007852079371498&as_sdt=2005&sciodt=2007&hl=en,89,2025-09-15,NA,NA,7,7,2,3,1,"… The risk of climate change is especially important to children, who are uniquely vulnerable to the health impacts of a changing climate and will live more years in a changed climate. …",NA,https://scholar.google.com/scholar?q=related:6tTPbeYfWRAJ:scholar.google.com/&scioq=%22environmental+justice+index%22%7C%22cdc+environmental+justice+index%22%7C%22atsdr+environmental+justice+index%22%7C%22cdc+eji%22%7C%22environmental+justice+composite+index+cdc%22%7C%22eji+2022%22%7C%22eji+2024+update%22%7C%22environmental+justice+health+index%22&hl=en&as_sdt=2007&as_ylo=2022&as_yhi=2025,eji,Environmental Justice Index (EJI),NA,NA,Health & well-being,Mentioned/Context,University presses,Oxford University Press is the publishing house of the University of Oxford (the world’s largest university press).
6,"P Matus, C Urquidi, M Cárcamo, V Vidal",Integrating the exposome and one health approach to national health surveillance: an opportunity for Latin American countries in health preventive …,2024,Frontiers in Public Health,frontiersin.org,https://www.frontiersin.org/journals/public-health/articles/10.3389/fpubh.2024.1376609/full,https://scholar.google.com/scholar?cites=9699733996703157615&as_sdt=2005&sciodt=2007&hl=en,84,2025-08-29,HTML,10.3389/fpubh.2024.1376609,6,6,2,4,1,"… Additionally, it facilitates the computation of indices, such as the Environmental Justice Index (EJ), enabling targeted health promotion and prevention interventions in the most …",https://www.frontiersin.org/journals/public-health/articles/10.3389/fpubh.2024.1376609/full,https://scholar.google.com/scholar?q=related:b41Fua1gnIYJ:scholar.google.com/&scioq=%22environmental+justice+index%22%7C%22cdc+environmental+justice+index%22%7C%22atsdr+environmental+justice+index%22%7C%22cdc+eji%22%7C%22environmental+justice+composite+index+cdc%22%7C%22eji+2022%22%7C%22eji+2024+update%22%7C%22environmental+justice+health+index%22&hl=en&as_sdt=2007&as_ylo=2022&as_yhi=2025,eji,Environmental Justice Index (EJI),2126,TRUE,Health & well-being,Applied,Open access publishers,Frontiers Media SA is a nonprofit open-access publisher of peer-reviewed scientific journals.
6,"R Ibrahim, HN Pham, S Ganatra, Z Javed, ...",Social phenotyping for cardiovascular risk stratification in electronic health registries,2024,Current atherosclerosis …,Springer,https://link.springer.com/article/10.1007/s11883-024-01222-6,https://scholar.google.com/scholar?cites=15215021849109332408&as_sdt=2005&sciodt=2007&hl=en,81,2025-08-29,NA,10.1007/s11883-024-01222-6,6,6,1,5,1,"… - This cross-sectional analysis revealed that the Environmental Justice Index, a quantitative measure incorporating both environmental influences and social vulnerability, is highly …",NA,https://scholar.google.com/scholar?q=related:uAH4VcKdJtMJ:scholar.google.com/&scioq=%22environmental+justice+index%22%7C%22cdc+environmental+justice+index%22%7C%22atsdr+environmental+justice+index%22%7C%22cdc+eji%22%7C%22environmental+justice+composite+index+cdc%22%7C%22eji+2022%22%7C%22eji+2024+update%22%7C%22environmental+justice+health+index%22&hl=en&as_sdt=2007&as_ylo=2022&as_yhi=2025,eji,Environmental Justice Index (EJI),2134,TRUE,Health & well-being,Applied,Commercial academic publishers,Springer Nature is a global for-profit academic publisher. Part of Springer Nature; commercial scholarly publisher.
6,"R Winker, A Payton, E Brown, E McDermott, ...",Wildfires and climate justice: future wildfire events predicted to disproportionally impact socioeconomically vulnerable communities in North Carolina,2024,… in public health,frontiersin.org,https://www.frontiersin.org/articles/10.3389/fpubh.2024.1339700/full,https://scholar.google.com/scholar?cites=9543474696027875943&as_sdt=2005&sciodt=2007&hl=en,46,2025-09-15,NA,10.3389/fpubh.2024.1339700,6,6,1,5,1,… ’s Forest Service’s WHP Index updated in 2020. The underlying methods surrounding … Environmental Justice Index (EJI) National Scale Air Toxics Assessment Respiratory Hazard Index…,https://www.frontiersin.org/journals/public-health/articles/10.3389/fpubh.2024.1339700/pdf,https://scholar.google.com/scholar?q=related:Z6qrK6w7cYQJ:scholar.google.com/&scioq=%22environmental+justice+index%22%7C%22cdc+environmental+justice+index%22%7C%22atsdr+environmental+justice+index%22%7C%22cdc+eji%22%7C%22environmental+justice+composite+index+cdc%22%7C%22eji+2022%22%7C%22eji+2024+update%22%7C%22environmental+justice+health+index%22&hl=en&as_sdt=2007&as_ylo=2022&as_yhi=2025,eji,Environmental Justice Index (EJI),NA,NA,Climate hazards & risks,Applied,Open access publishers,Frontiers Media SA is a nonprofit open-access publisher of peer-reviewed scientific journals.
5,"D Doiron, EM Setton, J Syer, A Redivo, A McKee, ...",Healthyplan. city: a web tool to support urban environmental equity and public health in Canadian communities,2024,… of Urban Health,Springer,https://link.springer.com/article/10.1007/s11524-024-00855-x,https://scholar.google.com/scholar?cites=3817642094872671898&as_sdt=2005&sciodt=2007&hl=en,51,2025-09-15,HTML,10.1007/s11524-024-00855-x,5,5,1,6,1,"… create a flexible data system for easy updating of datasets, and (ii) … Along with the overall index, the EJI Explorer provides … ) calculates an Environmental Justice Index as the intersection …",https://link.springer.com/article/10.1007/s11524-024-00855-x,https://scholar.google.com/scholar?q=related:mrZ2MEL9-jQJ:scholar.google.com/&scioq=%22environmental+justice+index%22%7C%22cdc+environmental+justice+index%22%7C%22atsdr+environmental+justice+index%22%7C%22cdc+eji%22%7C%22environmental+justice+composite+index+cdc%22%7C%22eji+2022%22%7C%22eji+2024+update%22%7C%22environmental+justice+health+index%22&hl=en&as_sdt=2007&as_ylo=2022&as_yhi=2025,eji,Environmental Justice Index (EJI),NA,NA,Health & well-being,Mentioned/Context,Commercial academic publishers,Springer Nature is a global for-profit academic publisher. Part of Springer Nature; commercial scholarly publisher.
1,"L Mahowald, A Shaw",Climate Change Risk for LGBT People in the United States,2024,NA,escholarship.org,https://escholarship.org/content/qt7xw635f3/qt7xw635f3.pdf,https://scholar.google.com/scholar?cites=1121889444523494756&as_sdt=2005&sciodt=2007&hl=en,2,2025-08-29,PDF,NA,1,1,1,2,1,"Climate change represents a global challenge, but it also exacerbates existing disparities among individuals and communities. LGBT people face discrimination and exclusion, creating …",https://escholarship.org/content/qt7xw635f3/qt7xw635f3.pdf,https://scholar.google.com/scholar?q=related:ZE0VeoHAkQ8J:scholar.google.com/&scioq=%22future+risk+index%22%7C%22fema+future+risk+index%22%7C%22fri+future+risk+index%22%7C%22fema+fri%22%7C%22fema+climate+risk+index%22%7C%22fema+disaster+risk+index%22%7C%22future+disaster+risk+tool+fema%22%7C%22future+risk+index+fema+prototype%22&hl=en&as_sdt=2007&as_ylo=2024&as_yhi=2025,fri,Future Risk Index (FRI),2170,TRUE,Health & well-being,Evaluated,University / institutional repositories,"eScholarship is the University of California’s institutional repository (hosts theses, articles, reports)."
