cites,authors,title,year,source,publisher,article_url,cites_url,gs_rank,query_date,type,doi,ecc,cites_per_year,cites_per_author,author_count,age,abstract,full_text_url,related_url,source_file,tool_name
234,"G Bua, D Kapp, F Ramella, ...",Transition versus physical climate risk pricing in European financial markets: A text-based approach,2024,The European Journal of …,Taylor &Francis,https://www.tandfonline.com/doi/abs/10.1080/1351847X.2024.2355103,https://scholar.google.com/scholar?cites=4932062984936490780&as_sdt=2005&sciodt=2007&hl=en,7,2025-09-15,NA,10.1080/1351847X.2024.2355103,234,234,59,4,1,"Under its climate regulation, the EU is expected to become the first continent with a net-zero emissions balance. We study the pricing of climate risks, physical and transition, within …",https://www.tandfonline.com/doi/pdf/10.1080/1351847X.2024.2355103,https://scholar.google.com/scholar?q=related:HAf-Uic1ckQJ:scholar.google.com/&scioq=%22climate+risk+viewer%22%7C%22usda+climate+risk+viewer%22%7C%22forest+service+climate+risk+viewer%22%7C%22usfs+climate+risk+viewer%22%7C%22climate+risk+mapping+tool+usda%22%7C%22usda+risk+viewer+climate%22%7C%22usda+climate+risk+tool%22%7C%22climate+risk+beta+viewer%22&hl=en&as_sdt=2007&as_ylo=2023&as_yhi=2025,crv,Climate Risk Viewer
15,"JV Bats, G Bua, D Kapp",Physical and transition risk premiums in euro area corporate bond markets,2024,NA,econstor.eu,https://www.econstor.eu/handle/10419/297339,https://scholar.google.com/scholar?cites=8749056927212373501&as_sdt=2005&sciodt=2007&hl=en,20,2025-09-15,BOOK,NA,15,15,5,3,1,"… Our study, as a whole, offers valuable insights into the pricing dynamics of climate risk beta and its impact on the euro area corporate bond market. These findings carry significant …",https://www.econstor.eu/bitstream/10419/297339/1/ecb.wp2899.pdf,https://scholar.google.com/scholar?q=related:_QUquuvkankJ:scholar.google.com/&scioq=%22climate+risk+viewer%22%7C%22usda+climate+risk+viewer%22%7C%22forest+service+climate+risk+viewer%22%7C%22usfs+climate+risk+viewer%22%7C%22climate+risk+mapping+tool+usda%22%7C%22usda+risk+viewer+climate%22%7C%22usda+climate+risk+tool%22%7C%22climate+risk+beta+viewer%22&hl=en&as_sdt=2007&as_ylo=2023&as_yhi=2025,crv,Climate Risk Viewer
13,"H Ben Ameur, D Dao, Z Ftiti, W Louhichi",Perceived climate risk and stock prices: An empirical analysis of pricing effects,2024,Risk Analysis,Wiley Online Library,https://onlinelibrary.wiley.com/doi/abs/10.1111/risa.17683,https://scholar.google.com/scholar?cites=15578767031400282564&as_sdt=2005&sciodt=2007&hl=en,4,2025-09-15,NA,10.1111/risa.17683,13,13,3,4,1,"… climate risk beta for each stock and sorted the stocks weekly based on their perceived climate risk beta, … of stocks with the highest perceived climate risk beta and short positions in the …",https://strathprints.strath.ac.uk/91675/7/Ameur-etal-RA-2024-Perceived-climate-risk-and-stock-prices.pdf,https://scholar.google.com/scholar?q=related:xDkuQRPmMtgJ:scholar.google.com/&scioq=%22climate+risk+viewer%22%7C%22usda+climate+risk+viewer%22%7C%22forest+service+climate+risk+viewer%22%7C%22usfs+climate+risk+viewer%22%7C%22climate+risk+mapping+tool+usda%22%7C%22usda+risk+viewer+climate%22%7C%22usda+climate+risk+tool%22%7C%22climate+risk+beta+viewer%22&hl=en&as_sdt=2007&as_ylo=2023&as_yhi=2025,crv,Climate Risk Viewer
7,"AD Bower, KL Frerker, CC Pike, NR Labonte, ...",A practical framework for applied forestry assisted migration,2024,Frontiers in Forests …,frontiersin.org,https://www.frontiersin.org/journals/forests-and-global-change/articles/10.3389/ffgc.2024.1454329/full,https://scholar.google.com/scholar?cites=16409287794271019262&as_sdt=2005&sciodt=2007&hl=en,11,2025-09-15,NA,10.3389/ffgc.2024.1454329,7,7,1,5,1,"Recent and projected changes in climate over this century pose an unprecedented threat to the health, diversity, and productivity of forest ecosystems. Forests have migrated and …",https://www.frontiersin.org/journals/forests-and-global-change/articles/10.3389/ffgc.2024.1454329/pdf,https://scholar.google.com/scholar?q=related:_mCtCk-AueMJ:scholar.google.com/&scioq=%22climate+risk+viewer%22%7C%22usda+climate+risk+viewer%22%7C%22forest+service+climate+risk+viewer%22%7C%22usfs+climate+risk+viewer%22%7C%22climate+risk+mapping+tool+usda%22%7C%22usda+risk+viewer+climate%22%7C%22usda+climate+risk+tool%22%7C%22climate+risk+beta+viewer%22&hl=en&as_sdt=2007&as_ylo=2023&as_yhi=2025,crv,Climate Risk Viewer
13,"H Jung, RF Engle, S Ge, X Zeng",Measuring the climate risk exposure of insurers,2023,NA,econstor.eu,https://www.econstor.eu/handle/10419/284026,https://scholar.google.com/scholar?cites=18037007135818056514&as_sdt=2005&sciodt=2007&hl=en,6,2025-09-15,NA,NA,13,6.5,3,4,2,Insurance companies can be exposed to climate-related physical risk through their operations and to transition risk through their $12 trillion of financial asset holdings. We assess the …,https://www.econstor.eu/bitstream/10419/284026/1/sr1066.pdf,https://scholar.google.com/scholar?q=related:QgOfBW1SUPoJ:scholar.google.com/&scioq=%22climate+risk+viewer%22%7C%22usda+climate+risk+viewer%22%7C%22forest+service+climate+risk+viewer%22%7C%22usfs+climate+risk+viewer%22%7C%22climate+risk+mapping+tool+usda%22%7C%22usda+risk+viewer+climate%22%7C%22usda+climate+risk+tool%22%7C%22climate+risk+beta+viewer%22&hl=en&as_sdt=2007&as_ylo=2023&as_yhi=2025,crv,Climate Risk Viewer
6,"H Jung, R Engle, S Ge, X Zeng",Physical climate risk factors and an application to measuring insurers' climate risk exposure,2024,FRB of New York Staff …,cebra.s3.amazonaws.com,http://cebra.s3.amazonaws.com/s3fs-private/papers/Measuring_Insurers__Climate_Risk_JEGZ_Mar2025-compressed.pdf,https://scholar.google.com/scholar?cites=14399380152096382116&as_sdt=2005&sciodt=2007&hl=en,3,2025-09-15,PDF,NA,6,6,2,4,1,"We construct a novel physical risk factor using a portfolio of REITs, long on those with properties highly exposed to climate risk and short on those with less exposure. Combined with a …",http://cebra.s3.amazonaws.com/s3fs-private/papers/Measuring_Insurers__Climate_Risk_JEGZ_Mar2025-compressed.pdf,https://scholar.google.com/scholar?q=related:pNyDB_Xf1McJ:scholar.google.com/&scioq=%22climate+risk+viewer%22%7C%22usda+climate+risk+viewer%22%7C%22forest+service+climate+risk+viewer%22%7C%22usfs+climate+risk+viewer%22%7C%22climate+risk+mapping+tool+usda%22%7C%22usda+risk+viewer+climate%22%7C%22usda+climate+risk+tool%22%7C%22climate+risk+beta+viewer%22&hl=en&as_sdt=2007&as_ylo=2023&as_yhi=2025,crv,Climate Risk Viewer
6,"T Mai, A Lopez, M Marquis, M Gleason, A Hamilton, ...",Land of opportunity: potential for renewable energy on federal lands,2025,NA,osti.gov,https://www.osti.gov/biblio/2522746,https://scholar.google.com/scholar?cites=13036492291166781105&as_sdt=2005&sciodt=2007&hl=en,22,2025-09-15,NA,NA,6,6,1,6,1,"Renewable energy (RE) in the United States has historically been deployed primarily on private lands, but the growing interest in RE development, generally across the country and …",https://www.osti.gov/servlets/purl/2522746,https://scholar.google.com/scholar?q=related:sT4dJKvs6rQJ:scholar.google.com/&scioq=%22climate+risk+viewer%22%7C%22usda+climate+risk+viewer%22%7C%22forest+service+climate+risk+viewer%22%7C%22usfs+climate+risk+viewer%22%7C%22climate+risk+mapping+tool+usda%22%7C%22usda+risk+viewer+climate%22%7C%22usda+climate+risk+tool%22%7C%22climate+risk+beta+viewer%22&hl=en&as_sdt=2007&as_ylo=2023&as_yhi=2025,crv,Climate Risk Viewer
5,V Lalwani,"Climate risks, corporate bonds, and economic uncertainty",2024,Economics Letters,Elsevier,https://www.sciencedirect.com/science/article/pii/S0165176524004683,https://scholar.google.com/scholar?cites=6118956359153565897&as_sdt=2005&sciodt=2007&hl=en,13,2025-09-15,NA,NA,5,5,5,1,1,"We test for the existence of climate change risks in corporate bond returns. Using risk factors based on textual analysis of news articles, we estimate the sensitivity of bonds to climate …",https://papers.ssrn.com/sol3/Delivery.cfm?abstractid=4978479,https://scholar.google.com/scholar?q=related:yUB3l2Pm6lQJ:scholar.google.com/&scioq=%22climate+risk+viewer%22%7C%22usda+climate+risk+viewer%22%7C%22forest+service+climate+risk+viewer%22%7C%22usfs+climate+risk+viewer%22%7C%22climate+risk+mapping+tool+usda%22%7C%22usda+risk+viewer+climate%22%7C%22usda+climate+risk+tool%22%7C%22climate+risk+beta+viewer%22&hl=en&as_sdt=2007&as_ylo=2023&as_yhi=2025,crv,Climate Risk Viewer
3,"T Dangl, M Halling, S Salbrechter",Firm-specific climate risk estimated from public news,2023,Available at SSRN 4575999,papers.ssrn.com,https://papers.ssrn.com/sol3/papers.cfm?abstract_id=4575999,https://scholar.google.com/scholar?cites=4669218314493648873&as_sdt=2005&sciodt=2007&hl=en,9,2025-09-15,NA,NA,3,1.5,1,3,2,… cross-sectional regressions and in Section 4.4 we calculate climate risk beta coefficients which we use to form betasorted … Every month we rank firms by their regulatory climate-risk beta …,https://papers.ssrn.com/sol3/Delivery.cfm?abstractid=4575999,https://scholar.google.com/scholar?q=related:6V8khlFlzEAJ:scholar.google.com/&scioq=%22climate+risk+viewer%22%7C%22usda+climate+risk+viewer%22%7C%22forest+service+climate+risk+viewer%22%7C%22usfs+climate+risk+viewer%22%7C%22climate+risk+mapping+tool+usda%22%7C%22usda+risk+viewer+climate%22%7C%22usda+climate+risk+tool%22%7C%22climate+risk+beta+viewer%22&hl=en&as_sdt=2007&as_ylo=2023&as_yhi=2025,crv,Climate Risk Viewer
1,G Verdickt,Climate Extrapolation and Relative Asset Pricing: Evidence from Bordeaux Premier Cru Wine Auctions,2025,Available at SSRN 5386662,papers.ssrn.com,https://papers.ssrn.com/sol3/papers.cfm?abstract_id=5386662,https://scholar.google.com/scholar?cites=4863583491843818428&as_sdt=2005&sciodt=2007&hl=en,17,2025-09-15,NA,NA,1,1,1,1,1,"This paper offers evidence for climate extrapolation, a behavioral tendency where economic agents project salient local climate risks onto an asset's valuation. Using a new dataset of …",https://papers.ssrn.com/sol3/Delivery.cfm?abstractid=5386662,https://scholar.google.com/scholar?q=related:vAPO3mrrfkMJ:scholar.google.com/&scioq=%22climate+risk+viewer%22%7C%22usda+climate+risk+viewer%22%7C%22forest+service+climate+risk+viewer%22%7C%22usfs+climate+risk+viewer%22%7C%22climate+risk+mapping+tool+usda%22%7C%22usda+risk+viewer+climate%22%7C%22usda+climate+risk+tool%22%7C%22climate+risk+beta+viewer%22&hl=en&as_sdt=2007&as_ylo=2023&as_yhi=2025,crv,Climate Risk Viewer
88,"A Brown, J Cappellucci, A Heinrich, M Gaus, E Cost",Electric vehicle charging infrastructure trends from the alternative fueling station locator: first quarter 2024,2024,NA,osti.gov,https://www.osti.gov/biblio/2447837,https://scholar.google.com/scholar?cites=8792986086801492886&as_sdt=2005&sciodt=2007&hl=en,718,2025-09-15,NA,NA,88,88,18,5,1,"Electric vehicle (EV) charging infrastructure continues to rapidly change and grow. Using data from the US Department of Energy's (DOE's) Alternative Fueling Station Locator, this …",https://www.osti.gov/servlets/purl/2447837,https://scholar.google.com/scholar?q=related:lkvBOkL2BnoJ:scholar.google.com/&scioq=%22climate+and+economic+justice+screening+tool%22%7C%22cejst%22%7C%22justice40+screening+tool%22%7C%22climate+economic+justice+tool%22%7C%22justice40+cejst%22%7C%22ceq+cejst%22%7C%22environmental+justice+screening+cejst%22&hl=en&as_sdt=2007&as_ylo=2022&as_yhi=2025,cejst,Climate and Economic Justice Screening Tool (CEJST)
44,"JA Casey, MA Kioumourtzoglou, A Padula, ...",Measuring long-term exposure to wildfire PM2.5 in California: Time-varying inequities in environmental burden,2024,Proceedings of the …,pnas.org,https://www.pnas.org/doi/abs/10.1073/pnas.2306729121,https://scholar.google.com/scholar?cites=17168599373999128838&as_sdt=2005&sciodt=2007&hl=en,676,2025-09-15,NA,10.1073/pnas.2306729121,44,44,11,4,1,Wildfires have become more frequent and intense due to climate change and outdoor wildfire fine particulate matter (PM 2.5 ) concentrations differ from relatively smoothly varying total …,https://www.pnas.org/doi/full/10.1073/pnas.2306729121,https://scholar.google.com/scholar?q=related:BkE24ioeQ-4J:scholar.google.com/&scioq=%22climate+and+economic+justice+screening+tool%22%7C%22cejst%22%7C%22justice40+screening+tool%22%7C%22climate+economic+justice+tool%22%7C%22justice40+cejst%22%7C%22ceq+cejst%22%7C%22environmental+justice+screening+cejst%22&hl=en&as_sdt=2007&as_ylo=2022&as_yhi=2025,cejst,Climate and Economic Justice Screening Tool (CEJST)
42,"L Cain, D Hernandez-Cortes, ...",Recent findings and methodologies in economics research in environmental justice,2024,Review of …,journals.uchicago.edu,https://www.journals.uchicago.edu/doi/abs/10.1086/728100,https://scholar.google.com/scholar?cites=9379717219591971090&as_sdt=2005&sciodt=2007&hl=en,558,2025-09-15,NA,10.1086/728100,42,42,14,3,1,This review synthesizes economics-oriented research in environmental justice with a focus on the last decade. We first categorize this literature into broad areas of inquiry and review …,https://www.econstor.eu/bitstream/10419/271927/1/cesifo1_wp10283.pdf,https://scholar.google.com/scholar?q=related:EuFkhx1zK4IJ:scholar.google.com/&scioq=%22climate+and+economic+justice+screening+tool%22%7C%22cejst%22%7C%22justice40+screening+tool%22%7C%22climate+economic+justice+tool%22%7C%22justice40+cejst%22%7C%22ceq+cejst%22%7C%22environmental+justice+screening+cejst%22&hl=en&as_sdt=2007&as_ylo=2022&as_yhi=2025,cejst,Climate and Economic Justice Screening Tool (CEJST)
73,"E Baker, S Carley, S Castellanos, D Nock, ...",Metrics for decision-making in energy justice,2023,Annual Review of …,annualreviews.org,https://www.annualreviews.org/content/journals/10.1146/annurev-environ-112621-063400,https://scholar.google.com/scholar?cites=7130851940603066122&as_sdt=2005&sciodt=2007&hl=en,187,2025-09-15,HTML,10.1146/annurev-environ-112621-063400,73,36.5,15,5,2,"… mapping index, the Climate and Economic Justice Screening Tool (CEJST) (60), to support the implementation of the Biden Administration's Justice40 Initiative. The CEJST, still in beta …",https://www.annualreviews.org/content/journals/10.1146/annurev-environ-112621-063400,https://scholar.google.com/scholar?q=related:CveMIQ_g9WIJ:scholar.google.com/&scioq=%22climate+and+economic+justice+screening+tool%22%7C%22cejst%22%7C%22justice40+screening+tool%22%7C%22climate+economic+justice+tool%22%7C%22justice40+cejst%22%7C%22ceq+cejst%22%7C%22environmental+justice+screening+cejst%22&hl=en&as_sdt=2007&as_ylo=2022&as_yhi=2025,cejst,Climate and Economic Justice Screening Tool (CEJST)
36,"GJ Carlton, S Sultana",Electric vehicle charging equity and accessibility: A comprehensive United States policy analysis,2024,Transportation Research Part D: Transport and …,Elsevier,https://www.sciencedirect.com/science/article/pii/S1361920924000804,https://scholar.google.com/scholar?cites=880195045012995719&as_sdt=2005&sciodt=2007&hl=en,120,2025-09-15,NA,NA,36,36,18,2,1,The ongoing placement of EV charging in the US is the result of a complicated interplay between market actors and the public sector. The federal government has recently established a …,NA,https://scholar.google.com/scholar?q=related:h_4O37oUNwwJ:scholar.google.com/&scioq=%22climate+and+economic+justice+screening+tool%22%7C%22cejst%22%7C%22justice40+screening+tool%22%7C%22climate+economic+justice+tool%22%7C%22justice40+cejst%22%7C%22ceq+cejst%22%7C%22environmental+justice+screening+cejst%22&hl=en&as_sdt=2007&as_ylo=2022&as_yhi=2025,cejst,Climate and Economic Justice Screening Tool (CEJST)
68,"PGT Lewis, WA Chiu, E Nasser, J Proville, ...",Characterizing vulnerabilities to climate change across the United States,2023,Environment …,Elsevier,https://www.sciencedirect.com/science/article/pii/S0160412023000454,https://scholar.google.com/scholar?cites=9081202494777090036&as_sdt=2005&sciodt=2007&hl=en,76,2025-09-15,HTML,NA,68,34,14,5,2,"Climate change will cause a range of related risks, including increases in infectious and chronic disease, intensified social and economic stresses, and more frequent extreme weather …",https://www.sciencedirect.com/science/article/pii/S0160412023000454,https://scholar.google.com/scholar?q=related:9F-UAo7pBn4J:scholar.google.com/&scioq=%22climate+and+economic+justice+screening+tool%22%7C%22cejst%22%7C%22justice40+screening+tool%22%7C%22climate+economic+justice+tool%22%7C%22justice40+cejst%22%7C%22ceq+cejst%22%7C%22environmental+justice+screening+cejst%22&hl=en&as_sdt=2007&as_ylo=2022&as_yhi=2025,cejst,Climate and Economic Justice Screening Tool (CEJST)
31,"T Xue, R Wang, M Wang, Y Wang, D Tong, ...",Health benefits from the rapid reduction in ambient exposure to air pollutants after China's clean air actions: progress in efficacy and geographic equality,2024,National Science …,academic.oup.com,https://academic.oup.com/nsr/article-abstract/11/2/nwad263/7303310,https://scholar.google.com/scholar?cites=10123527139064500028&as_sdt=2005&sciodt=2007&hl=en,256,2025-09-15,NA,NA,31,31,5,6,1,… The Justice40 Initiative developed the Climate and Economic Justice Screening Tool (CEJST… Although studies have found CEJST could not effectively reduce inequalities embedded in …,https://academic.oup.com/nsr/article/11/2/nwad263/7303310,https://scholar.google.com/scholar?q=related:PE_31Uv-fYwJ:scholar.google.com/&scioq=%22climate+and+economic+justice+screening+tool%22%7C%22cejst%22%7C%22justice40+screening+tool%22%7C%22climate+economic+justice+tool%22%7C%22justice40+cejst%22%7C%22ceq+cejst%22%7C%22environmental+justice+screening+cejst%22&hl=en&as_sdt=2007&as_ylo=2022&as_yhi=2025,cejst,Climate and Economic Justice Screening Tool (CEJST)
62,"Y Wang, JS Apte, JD Hill, CE Ivey, D Johnson, E Min, ...",Air quality policy should quantify effects on disparities,2023,Science,science.org,https://www.science.org/doi/abs/10.1126/science.adg9931,https://scholar.google.com/scholar?cites=13181465971392899802&as_sdt=2005&sciodt=2007&hl=en,27,2025-09-15,NA,10.1126/science.adg9931,62,31,9,7,2,… We investigated how using CEJST to target … CEJST may not ameliorate (and in some cases may increase) exposure disparities by race-ethnicity. This outcome likely reflects that CEJST …,https://www.yuzhouwang.net/files/Wang%20et%20al%20Science%202023.pdf,https://scholar.google.com/scholar?q=related:2urFa3b57bYJ:scholar.google.com/&scioq=%22climate+and+economic+justice+screening+tool%22%7C%22cejst%22%7C%22justice40+screening+tool%22%7C%22climate+economic+justice+tool%22%7C%22justice40+cejst%22%7C%22ceq+cejst%22%7C%22environmental+justice+screening+cejst%22&hl=en&as_sdt=2007&as_ylo=2022&as_yhi=2025,cejst,Climate and Economic Justice Screening Tool (CEJST)
27,"A Ermagun, J Tian","Charging into inequality: A national study of social, economic, and environment correlates of electric vehicle charging stations",2024,Energy Research &Social Science,Elsevier,https://www.sciencedirect.com/science/article/pii/S2214629624002135,https://scholar.google.com/scholar?cites=18246447889398149248&as_sdt=2005&sciodt=2007&hl=en,127,2025-09-15,NA,NA,27,27,14,2,1,This study assesses the spatial disparity of public electric vehicle (EV) charging infrastructure in the United States. The analysis identifies areas characterized by deficient EV charging …,NA,https://scholar.google.com/scholar?q=related:gLBAfK5nOP0J:scholar.google.com/&scioq=%22climate+and+economic+justice+screening+tool%22%7C%22cejst%22%7C%22justice40+screening+tool%22%7C%22climate+economic+justice+tool%22%7C%22justice40+cejst%22%7C%22ceq+cejst%22%7C%22environmental+justice+screening+cejst%22&hl=en&as_sdt=2007&as_ylo=2022&as_yhi=2025,cejst,Climate and Economic Justice Screening Tool (CEJST)
45,"S Kime, V Jacome, D Pellow, ...",Evaluating equity and justice in low-carbon energy transitions,2023,Environmental Research …,iopscience.iop.org,https://iopscience.iop.org/article/10.1088/1748-9326/ad08f8/meta,https://scholar.google.com/scholar?cites=1147487503700979368&as_sdt=2005&sciodt=2007&hl=en,73,2025-09-15,HTML,10.1088/1748-9326/ad08f8,45,22.5,11,4,2,"A low-carbon energy transition is essential for mitigating climate change, but can also cause energy justice and equity impacts on Black, Indigenous, and People of Color (BIPOC), low-…",https://iopscience.iop.org/article/10.1088/1748-9326/ad08f8/meta,https://scholar.google.com/scholar?q=related:qO5LEs6x7A8J:scholar.google.com/&scioq=%22climate+and+economic+justice+screening+tool%22%7C%22cejst%22%7C%22justice40+screening+tool%22%7C%22climate+economic+justice+tool%22%7C%22justice40+cejst%22%7C%22ceq+cejst%22%7C%22environmental+justice+screening+cejst%22&hl=en&as_sdt=2007&as_ylo=2022&as_yhi=2025,cejst,Climate and Economic Justice Screening Tool (CEJST)
54,"A Shkembi, LM Smith, RL Neitzel","Linking environmental injustices in Detroit, MI to institutional racial segregation through historical federal redlining",2024,Journal of exposure science & …,nature.com,https://www.nature.com/articles/s41370-022-00512-y,https://scholar.google.com/scholar?cites=9193022137532077454&as_sdt=2005&sciodt=2007&hl=en,96,2025-09-15,HTML,,54,54,18,3,1,"… in EJScreen tool within any boundary. In this case, our estimates inside the EJScreen tool … Albeit not included in the EPA EJScreen, noise pollution is included in this study due to the …",https://www.nature.com/articles/s41370-022-00512-y,https://scholar.google.com/scholar?q=related:jtXmZ-0slH8J:scholar.google.com/&scioq=%22ejscreen%22%7C%22epa+ejscreen%22%7C%22environmental+justice+screening+and+mapping+tool%22%7C%22epa+ej+screen%22%7C%22ej+screen%22%7C%22epa+environmental+justice+mapping+tool%22%7C%22environmental+justice+screening+tool+epa%22%7C%22ejscreen+v2.0%22%7C%22ejscreen+2020%22%7C%22ejscreen+2022%22&hl=en&as_sdt=2007&as_ylo=2023&as_yhi=2024,ejscreen_3,EJScreen
42,"MA Painter, SH Shah, GC Damestoit, F Khalid, ...",A systematic scoping review of the Social Vulnerability Index as applied to natural hazards,2024,Natural Hazards,Springer,https://link.springer.com/article/10.1007/s11069-023-06378-z,https://scholar.google.com/scholar?cites=1199760881560158845&as_sdt=2005&sciodt=2007&hl=en,228,2025-09-15,,10.1007/s11069-023-06378-z,42,42,8,5,1,"Social vulnerability approaches seek to identify social, economic, and political drivers that exacerbate environmental risks, and inform adaptation strategies that redress uneven …",https://repository.library.noaa.gov/view/noaa/61098/noaa_61098_DS1.pdf,https://scholar.google.com/scholar?q=related:fYLNSCpophAJ:scholar.google.com/&scioq=%22ejscreen%22%7C%22epa+ejscreen%22%7C%22environmental+justice+screening+and+mapping+tool%22%7C%22epa+ej+screen%22%7C%22ej+screen%22%7C%22epa+environmental+justice+mapping+tool%22%7C%22environmental+justice+screening+tool+epa%22%7C%22ejscreen+v2.0%22%7C%22ejscreen+2020%22%7C%22ejscreen+2022%22&hl=en&as_sdt=2007&as_ylo=2023&as_yhi=2024,ejscreen_3,EJScreen
116,"SR Nicholson, JE Rorrer, A Singh, ...",The critical role of process analysis in chemical recycling and upcycling of waste plastics,2022,Annual review of …,annualreviews.org,https://www.annualreviews.org/content/journals/10.1146/annurev-chembioeng-100521-085846,https://scholar.google.com/scholar?cites=16561911266140556031&as_sdt=2005&sciodt=2007&hl=en,98,2025-09-15,,10.1146/annurev-chembioeng-100521-085846,116,38.67,29,4,3,"There is an urgent need for new technologies to enable circularity for synthetic polymers, spurred by the accumulation of waste plastics in landfills and the environment and the …",https://www.osti.gov/pages/servlets/purl/1861788,https://scholar.google.com/scholar?q=related:_wrZO4y61-UJ:scholar.google.com/&scioq=%22ejscreen%22%7C%22epa+ejscreen%22%7C%22environmental+justice+screening+and+mapping+tool%22%7C%22epa+ej+screen%22%7C%22ej+screen%22%7C%22epa+environmental+justice+mapping+tool%22%7C%22environmental+justice+screening+tool+epa%22%7C%22ejscreen+v2.0%22%7C%22ejscreen+2020%22%7C%22ejscreen+2022%22&hl=en&as_sdt=2007&as_ylo=2021&as_yhi=2022,ejscreen_2,EJScreen
73,"E Baker, S Carley, S Castellanos, D Nock, ...",Metrics for decision-making in energy justice,2023,Annual Review of …,annualreviews.org,https://www.annualreviews.org/content/journals/10.1146/annurev-environ-112621-063400,https://scholar.google.com/scholar?cites=7130851940603066122&as_sdt=2005&sciodt=2007&hl=en,328,2025-09-15,HTML,10.1146/annurev-environ-112621-063400,73,36.5,15,5,2,… EJScreen presents the information in an interactive map form at the census tract level with comparisons to state or national percentiles. Recent updates to EJScreen have expanded its …,https://www.annualreviews.org/content/journals/10.1146/annurev-environ-112621-063400,https://scholar.google.com/scholar?q=related:CveMIQ_g9WIJ:scholar.google.com/&scioq=%22ejscreen%22%7C%22epa+ejscreen%22%7C%22environmental+justice+screening+and+mapping+tool%22%7C%22epa+ej+screen%22%7C%22ej+screen%22%7C%22epa+environmental+justice+mapping+tool%22%7C%22environmental+justice+screening+tool+epa%22%7C%22ejscreen+v2.0%22%7C%22ejscreen+2020%22%7C%22ejscreen+2022%22&hl=en&as_sdt=2007&as_ylo=2023&as_yhi=2024,ejscreen_3,EJScreen
34,"M Yu, S Zhang, H Ning, Z Li, K Zhang","Assessing the 2023 Canadian wildfire smoke impact in Northeastern US: Air quality, exposure and environmental justice",2024,Science of the Total Environment,Elsevier,https://www.sciencedirect.com/science/article/pii/S004896972401996X,https://scholar.google.com/scholar?cites=12562011232868067408&as_sdt=2005&sciodt=2007&hl=en,15,2025-09-15,,,34,34,7,5,1,… Agency (EPA) Environmental Justice Screening and Mapping Tool (EJScreen). Results … correlations in rural areas with EJScreen factors highlight the unique vulnerabilities of these …,https://papers.ssrn.com/sol3/Delivery.cfm?abstractid=4717779,https://scholar.google.com/scholar?q=related:UGiR76g6Va4J:scholar.google.com/&scioq=%22ejscreen%22%7C%22epa+ejscreen%22%7C%22environmental+justice+screening+and+mapping+tool%22%7C%22epa+ej+screen%22%7C%22ej+screen%22%7C%22epa+environmental+justice+mapping+tool%22%7C%22environmental+justice+screening+tool+epa%22%7C%22ejscreen+v2.0%22%7C%22ejscreen+2020%22%7C%22ejscreen+2022%22&hl=en&as_sdt=2007&as_ylo=2023&as_yhi=2024,ejscreen_3,EJScreen
68,"PGT Lewis, WA Chiu, E Nasser, J Proville, ...",Characterizing vulnerabilities to climate change across the United States,2023,Environment …,Elsevier,https://www.sciencedirect.com/science/article/pii/S0160412023000454,https://scholar.google.com/scholar?cites=9081202494777090036&as_sdt=2005&sciodt=2007&hl=en,445,2025-09-15,HTML,,68,34,14,5,2,"Climate change will cause a range of related risks, including increases in infectious and chronic disease, intensified social and economic stresses, and more frequent extreme weather …",https://www.sciencedirect.com/science/article/pii/S0160412023000454,https://scholar.google.com/scholar?q=related:9F-UAo7pBn4J:scholar.google.com/&scioq=%22ejscreen%22%7C%22epa+ejscreen%22%7C%22environmental+justice+screening+and+mapping+tool%22%7C%22epa+ej+screen%22%7C%22ej+screen%22%7C%22epa+environmental+justice+mapping+tool%22%7C%22environmental+justice+screening+tool+epa%22%7C%22ejscreen+v2.0%22%7C%22ejscreen+2020%22%7C%22ejscreen+2022%22&hl=en&as_sdt=2007&as_ylo=2023&as_yhi=2024,ejscreen_3,EJScreen
65,"J Kato-Huerta, D Geneletti",A distributive environmental justice index to support green space planning in cities,2023,Landscape and Urban Planning,Elsevier,https://www.sciencedirect.com/science/article/pii/S0169204622002419,https://scholar.google.com/scholar?cites=2740337779581576471&as_sdt=2005&sciodt=2007&hl=en,142,2025-09-15,HTML,,65,32.5,33,2,2,Environmental justice (EJ) raises concerns about just allocating environmental harms and goods. It has been mainly analysed from a distributive lens through indicators and screening …,https://www.sciencedirect.com/science/article/pii/S0169204622002419,https://scholar.google.com/scholar?q=related:F-WKDLGiByYJ:scholar.google.com/&scioq=%22ejscreen%22%7C%22epa+ejscreen%22%7C%22environmental+justice+screening+and+mapping+tool%22%7C%22epa+ej+screen%22%7C%22ej+screen%22%7C%22epa+environmental+justice+mapping+tool%22%7C%22environmental+justice+screening+tool+epa%22%7C%22ejscreen+v2.0%22%7C%22ejscreen+2020%22%7C%22ejscreen+2022%22&hl=en&as_sdt=2007&as_ylo=2023&as_yhi=2024,ejscreen_3,EJScreen
78,"Y Wang, JS Apte, JD Hill, CE Ivey, RF Patterson, ...",Location-specific strategies for eliminating US national racial-ethnic exposure inequality,2022,Proceedings of the …,pnas.org,https://www.pnas.org/doi/abs/10.1073/pnas.2205548119,https://scholar.google.com/scholar?cites=16152888832388619158&as_sdt=2005&sciodt=2007&hl=en,79,2025-09-15,,10.1073/pnas.2205548119,78,26,13,6,3,"Air pollution levels in the United States have decreased dramatically over the past decades, yet national racial-ethnic exposure disparities persist. For ambient fine particulate matter ( …",https://www.pnas.org/doi/full/10.1073/pnas.2205548119,https://scholar.google.com/scholar?q=related:ltvlts-WKuAJ:scholar.google.com/&scioq=%22ejscreen%22%7C%22epa+ejscreen%22%7C%22environmental+justice+screening+and+mapping+tool%22%7C%22epa+ej+screen%22%7C%22ej+screen%22%7C%22epa+environmental+justice+mapping+tool%22%7C%22environmental+justice+screening+tool+epa%22%7C%22ejscreen+v2.0%22%7C%22ejscreen+2020%22%7C%22ejscreen+2022%22&hl=en&as_sdt=2007&as_ylo=2021&as_yhi=2022,ejscreen_2,EJScreen
25,"K Skiendzielewski, CM Forke, DB Sarwer, ...",The intersection of adverse childhood experiences and neighborhood determinants of health: An exploratory spatial analysis.,2024,"… , practice, and policy",psycnet.apa.org,https://psycnet.apa.org/fulltext/2022-80212-001.html,https://scholar.google.com/scholar?cites=14766211665291270434&as_sdt=2005&sciodt=2007&hl=en,431,2025-09-15,,,25,25,6,4,1,Objective: Adverse childhood experiences (ACEs) are associated with elevated risk for poor physical and psychological health outcomes. Nearly all of the literature on the association …,https://psycnet.apa.org/manuscript/2022-80212-001.pdf,https://scholar.google.com/scholar?q=related:IlnqW0Yf7MwJ:scholar.google.com/&scioq=%22ejscreen%22%7C%22epa+ejscreen%22%7C%22environmental+justice+screening+and+mapping+tool%22%7C%22epa+ej+screen%22%7C%22ej+screen%22%7C%22epa+environmental+justice+mapping+tool%22%7C%22environmental+justice+screening+tool+epa%22%7C%22ejscreen+v2.0%22%7C%22ejscreen+2020%22%7C%22ejscreen+2022%22&hl=en&as_sdt=2007&as_ylo=2023&as_yhi=2024,ejscreen_3,EJScreen
72,"I Motairek, EK Lee, S Janus, M Farkouh, ...",Historical neighborhood redlining and contemporary cardiometabolic risk,2022,Journal of the American …,jacc.org,https://www.jacc.org/doi/abs/10.1016/j.jacc.2022.05.010,https://scholar.google.com/scholar?cites=9607344488229134700&as_sdt=2005&sciodt=2007&hl=en,111,2025-09-15,,10.1016/j.jacc.2022.05.010,72,24,14,5,3,Methods This is a cross-sectional study of the mean prevalence of the 2019 cardiometabolic outcomes and risk factors at the census tract level according to HOLC grading. …,https://www.jacc.org/doi/full/10.1016/j.jacc.2022.05.010,https://scholar.google.com/scholar?q=related:bGG0_-gkVIUJ:scholar.google.com/&scioq=%22ejscreen%22%7C%22epa+ejscreen%22%7C%22environmental+justice+screening+and+mapping+tool%22%7C%22epa+ej+screen%22%7C%22ej+screen%22%7C%22epa+environmental+justice+mapping+tool%22%7C%22environmental+justice+screening+tool+epa%22%7C%22ejscreen+v2.0%22%7C%22ejscreen+2020%22%7C%22ejscreen+2022%22&hl=en&as_sdt=2007&as_ylo=2021&as_yhi=2022,ejscreen_2,EJScreen
22,"CA Pate, HS Zahran",The status of asthma in the United States,2024,Preventing Chronic Disease,pmc.ncbi.nlm.nih.gov,https://pmc.ncbi.nlm.nih.gov/articles/PMC11262137/,https://scholar.google.com/scholar?cites=6218190486465970346&as_sdt=2005&sciodt=2007&hl=en,95,2025-09-15,HTML,NA,22,22,11,2,1,Introduction Asthma imposes a substantial health and economic burden on patients and their families and on the health care system. An assessment of the status of asthma in the US …,https://pmc.ncbi.nlm.nih.gov/articles/PMC11262137/,https://scholar.google.com/scholar?q=related:qoCEU01zS1YJ:scholar.google.com/&scioq=%22environmental+justice+index%22%7C%22cdc+environmental+justice+index%22%7C%22atsdr+environmental+justice+index%22%7C%22cdc+eji%22%7C%22environmental+justice+composite+index+cdc%22%7C%22eji+2022%22%7C%22eji+2024+update%22%7C%22environmental+justice+health+index%22&hl=en&as_sdt=2007&as_ylo=2022&as_yhi=2025,eji,Environmental Justice Index (EJI)
21,"C Scott-Buechler, B Cain, K Osman, ...",Communities conditionally support deployment of direct air capture for carbon dioxide removal in the United States,2024,… Earth &Environment,nature.com,https://www.nature.com/articles/s43247-024-01334-6,https://scholar.google.com/scholar?cites=13672146983376215905&as_sdt=2005&sciodt=2007&hl=en,58,2025-09-15,HTML,NA,21,21,5,4,1,"… To test whether environmental injustice burden (CDC EJI) or … , suggesting that environmental justice and transitioning … percentile of the CDC’s environmental [in]justice index (EJI). …",https://www.nature.com/articles/s43247-024-01334-6,https://scholar.google.com/scholar?q=related:YV8RRT45vb0J:scholar.google.com/&scioq=%22environmental+justice+index%22%7C%22cdc+environmental+justice+index%22%7C%22atsdr+environmental+justice+index%22%7C%22cdc+eji%22%7C%22environmental+justice+composite+index+cdc%22%7C%22eji+2022%22%7C%22eji+2024+update%22%7C%22environmental+justice+health+index%22&hl=en&as_sdt=2007&as_ylo=2022&as_yhi=2025,eji,Environmental Justice Index (EJI)
15,"S Khadke, A Kumar, S Al‐Kindi, ...",Association of environmental injustice and cardiovascular diseases and risk factors in the United States,2024,Journal of the …,ahajournals.org,https://www.ahajournals.org/doi/abs/10.1161/JAHA.123.033428,https://scholar.google.com/scholar?cites=845499601898734291&as_sdt=2005&sciodt=2007&hl=en,9,2025-09-15,NA,10.1161/JAHA.123.033428,15,15,4,4,1,"… The quartile 4 Environmental Justice Index was associated with a … index of environmental injustice, the CDC's EJI, to capture cumulative exposure across multiple domains. The EJI …",https://www.ahajournals.org/doi/pdf/10.1161/JAHA.123.033428,https://scholar.google.com/scholar?q=related:04LohGjRuwsJ:scholar.google.com/&scioq=%22environmental+justice+index%22%7C%22cdc+environmental+justice+index%22%7C%22atsdr+environmental+justice+index%22%7C%22cdc+eji%22%7C%22environmental+justice+composite+index+cdc%22%7C%22eji+2022%22%7C%22eji+2024+update%22%7C%22environmental+justice+health+index%22&hl=en&as_sdt=2007&as_ylo=2022&as_yhi=2025,eji,Environmental Justice Index (EJI)
9,"N Popovich, AJ Figueroa, DA Sunter, M Shah",Identifying disadvantaged communities in the United States: An energy-oriented mapping tool that aggregates environmental and socioeconomic burdens,2024,Energy Research &Social …,Elsevier,https://www.sciencedirect.com/science/article/pii/S2214629623004516,https://scholar.google.com/scholar?cites=15019131389588296473&as_sdt=2005&sciodt=2007&hl=en,19,2025-09-15,HTML,NA,9,9,2,4,1,"… index to identify communities disproportionately impacted by environmental, energy, and climate … We review existing vulnerability indicators and indices to assess the tradeoffs of …",https://www.sciencedirect.com/science/article/pii/S2214629623004516,https://scholar.google.com/scholar?q=related:GVNUj2ysbtAJ:scholar.google.com/&scioq=%22environmental+justice+index%22%7C%22cdc+environmental+justice+index%22%7C%22atsdr+environmental+justice+index%22%7C%22cdc+eji%22%7C%22environmental+justice+composite+index+cdc%22%7C%22eji+2022%22%7C%22eji+2024+update%22%7C%22environmental+justice+health+index%22&hl=en&as_sdt=2007&as_ylo=2022&as_yhi=2025,eji,Environmental Justice Index (EJI)
16,"CA Pate, X Qin, C Johnson, HS Zahran",Asthma disparities among US children and adults,2023,Journal of Asthma,Taylor &Francis,https://www.tandfonline.com/doi/abs/10.1080/02770903.2023.2228915,https://scholar.google.com/scholar?cites=15292848815749387795&as_sdt=2005&sciodt=2007&hl=en,108,2025-09-15,NA,10.1080/02770903.2023.2228915,16,8,4,4,2,… Promoting adequate housing can help further environmental justice and reduce burden of … asthma hospitalization and emergency department visits by 2024 (Citation37). Identifying and …,https://pmc.ncbi.nlm.nih.gov/articles/PMC10760409/,https://scholar.google.com/scholar?q=related:E9Z-EvkcO9QJ:scholar.google.com/&scioq=%22environmental+justice+index%22%7C%22cdc+environmental+justice+index%22%7C%22atsdr+environmental+justice+index%22%7C%22cdc+eji%22%7C%22environmental+justice+composite+index+cdc%22%7C%22eji+2022%22%7C%22eji+2024+update%22%7C%22environmental+justice+health+index%22&hl=en&as_sdt=2007&as_ylo=2022&as_yhi=2025,eji,Environmental Justice Index (EJI)
7,"P Matus, C Urquidi, M Cárcamo, V Vidal",Integrating the exposome and one health approach to national health surveillance: an opportunity for Latin American countries in health preventive …,2024,Frontiers in Public Health,frontiersin.org,https://www.frontiersin.org/journals/public-health/articles/10.3389/fpubh.2024.1376609/full,https://scholar.google.com/scholar?cites=9699733996703157615&as_sdt=2005&sciodt=2007&hl=en,86,2025-09-15,HTML,10.3389/fpubh.2024.1376609,7,7,2,4,1,"… Additionally, it facilitates the computation of indices, such as the Environmental Justice Index (EJ), enabling targeted health promotion and prevention interventions in the most …",https://www.frontiersin.org/journals/public-health/articles/10.3389/fpubh.2024.1376609/full,https://scholar.google.com/scholar?q=related:b41Fua1gnIYJ:scholar.google.com/&scioq=%22environmental+justice+index%22%7C%22cdc+environmental+justice+index%22%7C%22atsdr+environmental+justice+index%22%7C%22cdc+eji%22%7C%22environmental+justice+composite+index+cdc%22%7C%22eji+2022%22%7C%22eji+2024+update%22%7C%22environmental+justice+health+index%22&hl=en&as_sdt=2007&as_ylo=2022&as_yhi=2025,eji,Environmental Justice Index (EJI)
7,"S Doshi, S Vuppula, P Jaggi",Healthcare sustainability to address climate change: call for action to the infectious diseases community,2024,Journal of the Pediatric Infectious …,academic.oup.com,https://academic.oup.com/jpids/article-abstract/13/6/306/7675997,https://scholar.google.com/scholar?cites=1178007852079371498&as_sdt=2005&sciodt=2007&hl=en,89,2025-09-15,NA,NA,7,7,2,3,1,"… The risk of climate change is especially important to children, who are uniquely vulnerable to the health impacts of a changing climate and will live more years in a changed climate. …",NA,https://scholar.google.com/scholar?q=related:6tTPbeYfWRAJ:scholar.google.com/&scioq=%22environmental+justice+index%22%7C%22cdc+environmental+justice+index%22%7C%22atsdr+environmental+justice+index%22%7C%22cdc+eji%22%7C%22environmental+justice+composite+index+cdc%22%7C%22eji+2022%22%7C%22eji+2024+update%22%7C%22environmental+justice+health+index%22&hl=en&as_sdt=2007&as_ylo=2022&as_yhi=2025,eji,Environmental Justice Index (EJI)
6,"R Ibrahim, HN Pham, S Ganatra, Z Javed, ...",Social phenotyping for cardiovascular risk stratification in electronic health registries,2024,Current atherosclerosis …,Springer,https://link.springer.com/article/10.1007/s11883-024-01222-6,https://scholar.google.com/scholar?cites=15215021849109332408&as_sdt=2005&sciodt=2007&hl=en,83,2025-09-15,NA,10.1007/s11883-024-01222-6,6,6,1,5,1,"… - This cross-sectional analysis revealed that the Environmental Justice Index, a quantitative measure incorporating both environmental influences and social vulnerability, is highly …",NA,https://scholar.google.com/scholar?q=related:uAH4VcKdJtMJ:scholar.google.com/&scioq=%22environmental+justice+index%22%7C%22cdc+environmental+justice+index%22%7C%22atsdr+environmental+justice+index%22%7C%22cdc+eji%22%7C%22environmental+justice+composite+index+cdc%22%7C%22eji+2022%22%7C%22eji+2024+update%22%7C%22environmental+justice+health+index%22&hl=en&as_sdt=2007&as_ylo=2022&as_yhi=2025,eji,Environmental Justice Index (EJI)
6,"R Winker, A Payton, E Brown, E McDermott, ...",Wildfires and climate justice: future wildfire events predicted to disproportionally impact socioeconomically vulnerable communities in North Carolina,2024,… in public health,frontiersin.org,https://www.frontiersin.org/articles/10.3389/fpubh.2024.1339700/full,https://scholar.google.com/scholar?cites=9543474696027875943&as_sdt=2005&sciodt=2007&hl=en,46,2025-09-15,NA,10.3389/fpubh.2024.1339700,6,6,1,5,1,… ’s Forest Service’s WHP Index updated in 2020. The underlying methods surrounding … Environmental Justice Index (EJI) National Scale Air Toxics Assessment Respiratory Hazard Index…,https://www.frontiersin.org/journals/public-health/articles/10.3389/fpubh.2024.1339700/pdf,https://scholar.google.com/scholar?q=related:Z6qrK6w7cYQJ:scholar.google.com/&scioq=%22environmental+justice+index%22%7C%22cdc+environmental+justice+index%22%7C%22atsdr+environmental+justice+index%22%7C%22cdc+eji%22%7C%22environmental+justice+composite+index+cdc%22%7C%22eji+2022%22%7C%22eji+2024+update%22%7C%22environmental+justice+health+index%22&hl=en&as_sdt=2007&as_ylo=2022&as_yhi=2025,eji,Environmental Justice Index (EJI)
5,"D Doiron, EM Setton, J Syer, A Redivo, A McKee, ...",Healthyplan. city: a web tool to support urban environmental equity and public health in Canadian communities,2024,… of Urban Health,Springer,https://link.springer.com/article/10.1007/s11524-024-00855-x,https://scholar.google.com/scholar?cites=3817642094872671898&as_sdt=2005&sciodt=2007&hl=en,51,2025-09-15,HTML,10.1007/s11524-024-00855-x,5,5,1,6,1,"… create a flexible data system for easy updating of datasets, and (ii) … Along with the overall index, the EJI Explorer provides … ) calculates an Environmental Justice Index as the intersection …",https://link.springer.com/article/10.1007/s11524-024-00855-x,https://scholar.google.com/scholar?q=related:mrZ2MEL9-jQJ:scholar.google.com/&scioq=%22environmental+justice+index%22%7C%22cdc+environmental+justice+index%22%7C%22atsdr+environmental+justice+index%22%7C%22cdc+eji%22%7C%22environmental+justice+composite+index+cdc%22%7C%22eji+2022%22%7C%22eji+2024+update%22%7C%22environmental+justice+health+index%22&hl=en&as_sdt=2007&as_ylo=2022&as_yhi=2025,eji,Environmental Justice Index (EJI)
4,"JA Velasco, C Luna-Aranguré, ...","Drivers of urban biodiversity in Mexico and joint risks from future urban expansion, climate change, and urban heat island effect",2024,PLoS …,journals.plos.org,https://journals.plos.org/plosone/article?id=10.1371/journal.pone.0308522,https://scholar.google.com/scholar?cites=9098731931348706879&as_sdt=2005&sciodt=2007&hl=en,4,2025-09-15,HTML,NA,4,4,1,3,1,"Urbanization is a phenomenon where humans concentrate in high densities and consume more per capita energy than in rural areas, imposing high pressures on biodiversity and …",https://journals.plos.org/plosone/article?id=10.1371/journal.pone.0308522,https://scholar.google.com/scholar?q=related:PyaLAnwwRX4J:scholar.google.com/&scioq=%22future+risk+index%22%7C%22fema+future+risk+index%22%7C%22fri+future+risk+index%22%7C%22fema+fri%22%7C%22fema+climate+risk+index%22%7C%22fema+disaster+risk+index%22%7C%22future+disaster+risk+tool+fema%22%7C%22future+risk+index+fema+prototype%22&hl=en&as_sdt=2007&as_ylo=2024&as_yhi=2025,fri,Future Risk Index (FRI)
2,"C Huang, A Zhang, M Zhang, ...",Venture capital and vulnerability: Navigating natural disasters and investment resilience,2025,European Financial …,Wiley Online Library,https://onlinelibrary.wiley.com/doi/abs/10.1111/eufm.12528,https://scholar.google.com/scholar?cites=14289324567282373282&as_sdt=2005&sciodt=2007&hl=en,5,2025-09-15,NA,10.1111/eufm.12528,2,2,1,4,1,This study examines the impact of natural disasters on venture capital (VC) investment decisions. Using 47 catastrophic natural disasters occurred in the United States from 1990 to 2019…,https://onlinelibrary.wiley.com/doi/pdfdirect/10.1111/eufm.12528,https://scholar.google.com/scholar?q=related:otIgYfzgTcYJ:scholar.google.com/&scioq=%22future+risk+index%22%7C%22fema+future+risk+index%22%7C%22fri+future+risk+index%22%7C%22fema+fri%22%7C%22fema+climate+risk+index%22%7C%22fema+disaster+risk+index%22%7C%22future+disaster+risk+tool+fema%22%7C%22future+risk+index+fema+prototype%22&hl=en&as_sdt=2007&as_ylo=2024&as_yhi=2025,fri,Future Risk Index (FRI)
1,"L Mahowald, A Shaw",Climate Change Risk for LGBT People in the United States,2024,NA,escholarship.org,https://escholarship.org/content/qt7xw635f3/qt7xw635f3.pdf,https://scholar.google.com/scholar?cites=1121889444523494756&as_sdt=2005&sciodt=2007&hl=en,2,2025-09-15,PDF,NA,1,1,1,2,1,"Climate change represents a global challenge, but it also exacerbates existing disparities among individuals and communities. LGBT people face discrimination and exclusion, creating …",https://escholarship.org/content/qt7xw635f3/qt7xw635f3.pdf,https://scholar.google.com/scholar?q=related:ZE0VeoHAkQ8J:scholar.google.com/&scioq=%22future+risk+index%22%7C%22fema+future+risk+index%22%7C%22fri+future+risk+index%22%7C%22fema+fri%22%7C%22fema+climate+risk+index%22%7C%22fema+disaster+risk+index%22%7C%22future+disaster+risk+tool+fema%22%7C%22future+risk+index+fema+prototype%22&hl=en&as_sdt=2007&as_ylo=2024&as_yhi=2025,fri,Future Risk Index (FRI)
0,"D Liu, M Li, L Zhang, M Li, M Faiz, T Li, S Cui, ...",Risk Measurement Analysis of a Regional Water‒Land-Energy-Food Coupling System Under Complex and Uncertain Climate Influences,NA,Available at SSRN …,papers.ssrn.com,https://papers.ssrn.com/sol3/papers.cfm?abstract_id=4891409,NA,3,2025-09-15,NA,NA,0,0,0,8,NA,"… Therefore, when the scenario conditions are worse, the future risk index of the Heilongjiang coupled system is greater. In addition, from a time perspective, the risk indices of the four …",https://papers.ssrn.com/sol3/Delivery.cfm?abstractid=4891409,https://scholar.google.com/scholar?q=related:dTJcE2MPKdoJ:scholar.google.com/&scioq=%22future+risk+index%22%7C%22fema+future+risk+index%22%7C%22fri+future+risk+index%22%7C%22fema+fri%22%7C%22fema+climate+risk+index%22%7C%22fema+disaster+risk+index%22%7C%22future+disaster+risk+tool+fema%22%7C%22future+risk+index+fema+prototype%22&hl=en&as_sdt=2007&as_ylo=2024&as_yhi=2025,fri,Future Risk Index (FRI)
0,"F Yang, C Yang, T Qie, W Wang, ...",Risk Avoidance Decision-Making for Intelligent Vehicles Based on Spatio-Temporal Risk Prediction,2024,2024 8th CAA …,ieeexplore.ieee.org,https://ieeexplore.ieee.org/abstract/document/10830017/,NA,1,2025-09-15,NA,NA,0,0,0,5,1,"In order to improve the collision risk assessment method of intelligent vehicles in complex traffic scenarios and avoid collision risk in real time, this paper proposes a risk avoidance …",NA,https://scholar.google.com/scholar?q=related:vDp_rXItLSMJ:scholar.google.com/&scioq=%22future+risk+index%22%7C%22fema+future+risk+index%22%7C%22fri+future+risk+index%22%7C%22fema+fri%22%7C%22fema+climate+risk+index%22%7C%22fema+disaster+risk+index%22%7C%22future+disaster+risk+tool+fema%22%7C%22future+risk+index+fema+prototype%22&hl=en&as_sdt=2007&as_ylo=2024&as_yhi=2025,fri,Future Risk Index (FRI)
0,L Bonifati,L'altra faccia degli executive orders di Trump: la “guerra ai dati” ei rischi per le future emergenze,2025,FEDERALISMI. IT,cris.unibo.it,https://cris.unibo.it/handle/11585/1017979,NA,6,2025-09-15,NA,NA,0,0,0,1,1,L’articolo prende spunto dai recenti executive orders firmati all’inaugurazione della seconda presidenza di Donald Trump e pone l’attenzione sull’attacco ai dati governativi e alla …,https://cris.unibo.it/bitstream/11585/1017979/1/2025-Bonifati-Trump-guerra-dati_Fed.pdf,https://scholar.google.com/scholar?q=related:c-PmRCUY9isJ:scholar.google.com/&scioq=%22future+risk+index%22%7C%22fema+future+risk+index%22%7C%22fri+future+risk+index%22%7C%22fema+fri%22%7C%22fema+climate+risk+index%22%7C%22fema+disaster+risk+index%22%7C%22future+disaster+risk+tool+fema%22%7C%22future+risk+index+fema+prototype%22&hl=en&as_sdt=2007&as_ylo=2024&as_yhi=2025,fri,Future Risk Index (FRI)
